Channel Id,Channel Url,Channel Title
UC-4A_K92UTI0b6pnHDEFF1g,http://www.youtube.com/channel/UC-4A_K92UTI0b6pnHDEFF1g,Peeja
UC-NK8lZ2qZd_cajIdfnj85A,http://www.youtube.com/channel/UC-NK8lZ2qZd_cajIdfnj85A,Faulerro
UC-Q4WBqNtMF_2GbIsGjic4A,http://www.youtube.com/channel/UC-Q4WBqNtMF_2GbIsGjic4A,yahtzee19
UC-Qj80avWItNRjkZ41rzHyw,http://www.youtube.com/channel/UC-Qj80avWItNRjkZ41rzHyw,Soph's Notes
UC-XB9YZ-knOFo6YESKa7q1Q,http://www.youtube.com/channel/UC-XB9YZ-knOFo6YESKa7q1Q,The SUPERWRESTLERS!
UC-ZlXbhKDI6m0IQGGSNvtaw,http://www.youtube.com/channel/UC-ZlXbhKDI6m0IQGGSNvtaw,Kerbal Space Program
UC-_PcfltpiVm3VmI_z9FZlw,http://www.youtube.com/channel/UC-_PcfltpiVm3VmI_z9FZlw,Gamblor
UC-kM5kL9CgjN9s9pim089gg,http://www.youtube.com/channel/UC-kM5kL9CgjN9s9pim089gg,Adam Conover
UC-ufRLYrXxrIEApGn9VG5pQ,http://www.youtube.com/channel/UC-ufRLYrXxrIEApGn9VG5pQ,Reject Convenience
UC0-oBbYS4LqupJ1vhOqUhJw,http://www.youtube.com/channel/UC0-oBbYS4LqupJ1vhOqUhJw,PlayTheMind
UC0G7e3uCtTyKQy2vZbRaKxg,http://www.youtube.com/channel/UC0G7e3uCtTyKQy2vZbRaKxg,Works By Design
UC0KaZd_ki4l2EUc1GY9u5Ew,http://www.youtube.com/channel/UC0KaZd_ki4l2EUc1GY9u5Ew,KyleKallgrenBHH
UC0KdD41_dzHdDF1b1bN4cSw,http://www.youtube.com/channel/UC0KdD41_dzHdDF1b1bN4cSw,Matt Mulholland YouTube
UC0PaBV-dnob7MC9zsTgbOAQ,http://www.youtube.com/channel/UC0PaBV-dnob7MC9zsTgbOAQ,Jordan Myrick
UC0fDG3byEcMtbOqPMymDNbw,http://www.youtube.com/channel/UC0fDG3byEcMtbOqPMymDNbw,/noclip
UC0gEw6pgNkLkkzMwzX4UtHA,http://www.youtube.com/channel/UC0gEw6pgNkLkkzMwzX4UtHA,Egoraptor
UC0gw9KK87I0pNh3ZHOXWz2A,http://www.youtube.com/channel/UC0gw9KK87I0pNh3ZHOXWz2A,Crit Build
UC0intLFzLaudFG-xAvUEO-A,http://www.youtube.com/channel/UC0intLFzLaudFG-xAvUEO-A,Not Just Bikes
UC0tq0g5u2bo-TErZt7SJM6w,http://www.youtube.com/channel/UC0tq0g5u2bo-TErZt7SJM6w,The Sound Traveler
UC0twEKQY4LbteXfVq3nJQPg,http://www.youtube.com/channel/UC0twEKQY4LbteXfVq3nJQPg,Trekspertise
UC0u7ZMWqkr7cKD_rvEXZUuQ,http://www.youtube.com/channel/UC0u7ZMWqkr7cKD_rvEXZUuQ,Brother Jake
UC127Qy2ulgASLYvW4AuHJZQ,http://www.youtube.com/channel/UC127Qy2ulgASLYvW4AuHJZQ,CGPGrey2
UC16fG7-summGsrcqkkYb6hg,http://www.youtube.com/channel/UC16fG7-summGsrcqkkYb6hg,Barry Kramer
UC1D3yD4wlPMico0dss264XA,http://www.youtube.com/channel/UC1D3yD4wlPMico0dss264XA,NileBlue
UC1ELUfyiYnQQhtPWBS9Dmbg,http://www.youtube.com/channel/UC1ELUfyiYnQQhtPWBS9Dmbg,David Zhang
UC1H1NWNTG2Xi3pt85ykVSHA,http://www.youtube.com/channel/UC1H1NWNTG2Xi3pt85ykVSHA,Jordan Harrod
UC1LpsuAUaKoMzzJSEt5WImw,http://www.youtube.com/channel/UC1LpsuAUaKoMzzJSEt5WImw,Asianometry
UC1R9fG_iKqvt9FIhEQH9nTA,http://www.youtube.com/channel/UC1R9fG_iKqvt9FIhEQH9nTA,Garfunkel And Oates
UC1UgVQJ2xex5LeI-3yEu46w,http://www.youtube.com/channel/UC1UgVQJ2xex5LeI-3yEu46w,Sarah Margaret
UC1_uAIS3r8Vu6JjXWvastJg,http://www.youtube.com/channel/UC1_uAIS3r8Vu6JjXWvastJg,Mathologer
UC1mWetAejxGvEXKAPS87-lQ,http://www.youtube.com/channel/UC1mWetAejxGvEXKAPS87-lQ,headfallsoff
UC1pW0V7t7AP29xa_f1G4yqw,http://www.youtube.com/channel/UC1pW0V7t7AP29xa_f1G4yqw,Weebservations
UC1qC39KQoTG6LqgL_YnjSSQ,http://www.youtube.com/channel/UC1qC39KQoTG6LqgL_YnjSSQ,Glove and Boots
UC1ydE9gDHTdvbNVIgEKIKzw,http://www.youtube.com/channel/UC1ydE9gDHTdvbNVIgEKIKzw,VWestlife
UC2C_jShtL725hvbm1arSV9w,http://www.youtube.com/channel/UC2C_jShtL725hvbm1arSV9w,CGP Grey
UC2J-0g_nxlwcD9JBK1eTleQ,http://www.youtube.com/channel/UC2J-0g_nxlwcD9JBK1eTleQ,Auto Focus
UC2LZO6swZ9SLUEOks3WnsfA,http://www.youtube.com/channel/UC2LZO6swZ9SLUEOks3WnsfA,2veritasium
UC2NU0s1H0p9N4jvF7qV59vA,http://www.youtube.com/channel/UC2NU0s1H0p9N4jvF7qV59vA,Little Kuriboh
UC2OTkTrcKMF3rlgUCkitHsw,http://www.youtube.com/channel/UC2OTkTrcKMF3rlgUCkitHsw,Heartland Urbanist
UC2PA-AKmVpU6NKCGtZq_rKQ,http://www.youtube.com/channel/UC2PA-AKmVpU6NKCGtZq_rKQ,Philosophy Tube
UC2Xd-TjJByJyK2w1zNwY0zQ,http://www.youtube.com/channel/UC2Xd-TjJByJyK2w1zNwY0zQ,Beyond Fireship
UC2_ZUXs5oDv9Crj3f72j9Yw,http://www.youtube.com/channel/UC2_ZUXs5oDv9Crj3f72j9Yw,Nice Peter
UC2bkHVIDjXS7sgrgjFtzOXQ,http://www.youtube.com/channel/UC2bkHVIDjXS7sgrgjFtzOXQ,engineerguy
UC2c3abeLHvx-ZaNMKOnsNgg,http://www.youtube.com/channel/UC2c3abeLHvx-ZaNMKOnsNgg,GanXingba
UC2iv6kOWe37G8PQMOz-ttjg,http://www.youtube.com/channel/UC2iv6kOWe37G8PQMOz-ttjg,sweetDawg
UC36UUkZ7K5YZi562PDGczSw,http://www.youtube.com/channel/UC36UUkZ7K5YZi562PDGczSw,Emmy Blotnick
UC3CBOpT2-NRvoc2ecFMDCsA,http://www.youtube.com/channel/UC3CBOpT2-NRvoc2ecFMDCsA,Crime Pays But Botany Doesn't
UC3FD64RRsrCLpiZNkq7ZkSg,http://www.youtube.com/channel/UC3FD64RRsrCLpiZNkq7ZkSg,Zoe Baker
UC3KEoMzNz8eYnwBC34RaKCQ,http://www.youtube.com/channel/UC3KEoMzNz8eYnwBC34RaKCQ,Simone Giertz
UC3LqW4ijMoENQ2Wv17ZrFJA,http://www.youtube.com/channel/UC3LqW4ijMoENQ2Wv17ZrFJA,PBS Idea Channel
UC3RKA4vunFAfrfxiJhPEplw,http://www.youtube.com/channel/UC3RKA4vunFAfrfxiJhPEplw,CodeOpinion
UC3S8vxwRfqLBdIhgRlDRVzw,http://www.youtube.com/channel/UC3S8vxwRfqLBdIhgRlDRVzw,stacksmashing
UC3TzIRiP0-YMGx_cv_Hg6Aw,http://www.youtube.com/channel/UC3TzIRiP0-YMGx_cv_Hg6Aw,Emily K Sowers
UC3VHfy8e1jbDnT5TG2pjP1w,http://www.youtube.com/channel/UC3VHfy8e1jbDnT5TG2pjP1w,meow
UC3XrWeEDHIHomiDZ1gSV38g,http://www.youtube.com/channel/UC3XrWeEDHIHomiDZ1gSV38g,Navek
UC3azLjQuz9s5qk76KEXaTvA,http://www.youtube.com/channel/UC3azLjQuz9s5qk76KEXaTvA,suckerpinch
UC3k0fC-iZAzfC4K-aCT7QoA,http://www.youtube.com/channel/UC3k0fC-iZAzfC4K-aCT7QoA,yourharto
UC3mixv9nJPCzHYXXorIbx5w,http://www.youtube.com/channel/UC3mixv9nJPCzHYXXorIbx5w,FlibidyDibidy
UC3tMH8u6yG3mSxi-qpfmpkA,http://www.youtube.com/channel/UC3tMH8u6yG3mSxi-qpfmpkA,TomSka & Friends
UC477Kvszl9JivqOxN1dFgPQ,http://www.youtube.com/channel/UC477Kvszl9JivqOxN1dFgPQ,Iron Pineapple
UC48s3aVt6bWFqF3VwiCewug,http://www.youtube.com/channel/UC48s3aVt6bWFqF3VwiCewug,Ramayana : The Legend Of Prince Rama
UC4CVLBUj7Zy9PwUHv58x4sg,http://www.youtube.com/channel/UC4CVLBUj7Zy9PwUHv58x4sg,Even Idiots Can Make Anime
UC4CsqctrGOn4NTz09sAhXwQ,http://www.youtube.com/channel/UC4CsqctrGOn4NTz09sAhXwQ,Macho Nacho Productions
UC4DavIB24rEr5waVY5AgZLg,http://www.youtube.com/channel/UC4DavIB24rEr5waVY5AgZLg,Walt Disney Imagineering
UC4G10tk3AHFuyMIuD3rHOBA,http://www.youtube.com/channel/UC4G10tk3AHFuyMIuD3rHOBA,RDCworld1
UC4JL8XJ9dxqfvzTM8L5Sl3w,http://www.youtube.com/channel/UC4JL8XJ9dxqfvzTM8L5Sl3w,Zullie the Witch
UC4m2G6T18_JcjwxwtwKJijw,http://www.youtube.com/channel/UC4m2G6T18_JcjwxwtwKJijw,samy kamkar
UC4zccyPWo0D1zjioR4CthiA,http://www.youtube.com/channel/UC4zccyPWo0D1zjioR4CthiA,Brandon Leon-Gambetta
UC4zzTEL5tuIgGMvzjk1Ozbg,http://www.youtube.com/channel/UC4zzTEL5tuIgGMvzjk1Ozbg,Henry Segerman
UC5C-7TI6goM9uQ7Gf3JwnRQ,http://www.youtube.com/channel/UC5C-7TI6goM9uQ7Gf3JwnRQ,Malleo
UC5CYeHPLer3lbEhgonvbbAA,http://www.youtube.com/channel/UC5CYeHPLer3lbEhgonvbbAA,Noah Caldwell-Gervais
UC5E_q3-du7mrDZIyETFZ_Xw,http://www.youtube.com/channel/UC5E_q3-du7mrDZIyETFZ_Xw,acollieralso
UC5I2hjZYiW9gZPVkvzM8_Cw,http://www.youtube.com/channel/UC5I2hjZYiW9gZPVkvzM8_Cw,Techmoan
UC5SgTj4IGqm0HrD5N4Fe93Q,http://www.youtube.com/channel/UC5SgTj4IGqm0HrD5N4Fe93Q,FUNimationLive
UC5bN6XKHDCFt_wYAJmsP_Mg,http://www.youtube.com/channel/UC5bN6XKHDCFt_wYAJmsP_Mg,Jasper
UC5fdssPqmmGhkhsJi4VcckA,http://www.youtube.com/channel/UC5fdssPqmmGhkhsJi4VcckA,Innuendo Studios
UC5k3Kc0avyDJ2nG9Kxm9JmQ,http://www.youtube.com/channel/UC5k3Kc0avyDJ2nG9Kxm9JmQ,Bright Sun Films
UC5miyvhPsWWyfTulnJ43koQ,http://www.youtube.com/channel/UC5miyvhPsWWyfTulnJ43koQ,UncommentatedPannen
UC5uCW-Dmmd9a7GJ6G2nuU8w,http://www.youtube.com/channel/UC5uCW-Dmmd9a7GJ6G2nuU8w,retromeister
UC6107grRI4m0o2-emgoDnAA,http://www.youtube.com/channel/UC6107grRI4m0o2-emgoDnAA,SmarterEveryDay
UC64TPBGPU1aPrSxIDYkNGpA,http://www.youtube.com/channel/UC64TPBGPU1aPrSxIDYkNGpA,Peter Jackson
UC67f2Qf7FYhtoUIF4Sf29cA,http://www.youtube.com/channel/UC67f2Qf7FYhtoUIF4Sf29cA,Bad Lip Reading
UC69xezPrX2RBtdZcuGr7pcA,http://www.youtube.com/channel/UC69xezPrX2RBtdZcuGr7pcA,Isabella Roland
UC6DbLEHgTj6VK7LvtzoGSIw,http://www.youtube.com/channel/UC6DbLEHgTj6VK7LvtzoGSIw,Ray Ramses
UC6IxnFzHofFJ5X2PycSMsww,http://www.youtube.com/channel/UC6IxnFzHofFJ5X2PycSMsww,xkcd's What If?
UC6MFZAOHXlKK1FI7V0XQVeA,http://www.youtube.com/channel/UC6MFZAOHXlKK1FI7V0XQVeA,ProZD
UC6euVgmyxub4W4ik6AnITsQ,http://www.youtube.com/channel/UC6euVgmyxub4W4ik6AnITsQ,dovsky
UC6k_GngLDtxbkUlZOq6_h5g,http://www.youtube.com/channel/UC6k_GngLDtxbkUlZOq6_h5g,The McElroy Family
UC6me-RzbQFQ-kRyr6BlGZWg,http://www.youtube.com/channel/UC6me-RzbQFQ-kRyr6BlGZWg,Paul E.T.
UC6nSFpj9HTCZ5t-N3Rm3-HA,http://www.youtube.com/channel/UC6nSFpj9HTCZ5t-N3Rm3-HA,Vsauce
UC6wT4dQgdL1ZNLx0732wzyQ,http://www.youtube.com/channel/UC6wT4dQgdL1ZNLx0732wzyQ,geothebio
UC7-E5xhZBZdW-8d7V80mzfg,http://www.youtube.com/channel/UC7-E5xhZBZdW-8d7V80mzfg,Jenny Nicholson
UC78Ib99EBhMN3NemVjYm3Ig,http://www.youtube.com/channel/UC78Ib99EBhMN3NemVjYm3Ig,Grant Sanderson
UC7DdEm33SyaTDtWYGO2CwdA,http://www.youtube.com/channel/UC7DdEm33SyaTDtWYGO2CwdA,Physics Girl
UC7EUiC7Jl-1rzwuepuIz5vw,http://www.youtube.com/channel/UC7EUiC7Jl-1rzwuepuIz5vw,optozorax
UC7Edgk9RxP7Fm7vjQ1d-cDA,http://www.youtube.com/channel/UC7Edgk9RxP7Fm7vjQ1d-cDA,Feminist Frequency
UC7HyRf8pnUeT7bFeAPsA8HQ,http://www.youtube.com/channel/UC7HyRf8pnUeT7bFeAPsA8HQ,The Infinite Review
UC7Jwj9fkrf1adN4fMmTkpug,http://www.youtube.com/channel/UC7Jwj9fkrf1adN4fMmTkpug,DankPods
UC7M-Wz4zK8oikt6ATcoTwBA,http://www.youtube.com/channel/UC7M-Wz4zK8oikt6ATcoTwBA,Freya Holmér
UC7_gcs09iThXybpVgjHZ_7g,http://www.youtube.com/channel/UC7_gcs09iThXybpVgjHZ_7g,PBS Space Time
UC7sg9FpMWMamzWE2lJPY-Dg,http://www.youtube.com/channel/UC7sg9FpMWMamzWE2lJPY-Dg,The Back Focus
UC7vOjKF8-TGVimB572cMuDA,http://www.youtube.com/channel/UC7vOjKF8-TGVimB572cMuDA,Novacanoo
UC7vVhkEfw4nOGp8TyDk7RcQ,http://www.youtube.com/channel/UC7vVhkEfw4nOGp8TyDk7RcQ,Boston Dynamics
UC81hVmI5eEBIt3s3HQpJd_w,http://www.youtube.com/channel/UC81hVmI5eEBIt3s3HQpJd_w,boburnham
UC8P_raHQ4EoWTSH2GMESMQA,http://www.youtube.com/channel/UC8P_raHQ4EoWTSH2GMESMQA,Game Score Fanfare
UC8QdAOlC6klCL6HIfI-VGjw,http://www.youtube.com/channel/UC8QdAOlC6klCL6HIfI-VGjw,The Cooler Jenny
UC8Ubtzq6EXH8CPA9v7-1pmA,http://www.youtube.com/channel/UC8Ubtzq6EXH8CPA9v7-1pmA,gone for good
UC8h8NJG9gacZ5lAJJvhD0fQ,http://www.youtube.com/channel/UC8h8NJG9gacZ5lAJJvhD0fQ,NardwuarServiette
UC8l1OH0DOYARGUTrqAcWW2w,http://www.youtube.com/channel/UC8l1OH0DOYARGUTrqAcWW2w,Carlos Maza
UC9-y-6csu5WGm29I7JiwpnA,http://www.youtube.com/channel/UC9-y-6csu5WGm29I7JiwpnA,Computerphile
UC9FN0dIQ01weg4Lm2UNP6Gw,http://www.youtube.com/channel/UC9FN0dIQ01weg4Lm2UNP6Gw,Earth's Special Forces
UC9Lp_AA5M2cMGrlvnnIns-g,http://www.youtube.com/channel/UC9Lp_AA5M2cMGrlvnnIns-g,Bizarre Beasts
UC9PBzalIcEQCsiIkq36PyUA,http://www.youtube.com/channel/UC9PBzalIcEQCsiIkq36PyUA,Digital Foundry
UC9PIn6-XuRKZ5HmYeu46AIw,http://www.youtube.com/channel/UC9PIn6-XuRKZ5HmYeu46AIw,Barely Sociable
UC9RM-iSvTu1uPJb8X5yp3EQ,http://www.youtube.com/channel/UC9RM-iSvTu1uPJb8X5yp3EQ,Wendover Productions
UC9TSv3wIuBWxhmTCGIEwu8g,http://www.youtube.com/channel/UC9TSv3wIuBWxhmTCGIEwu8g,Pasta Cats
UC9WjW6wtbfMS4UX2v_UZEZw,http://www.youtube.com/channel/UC9WjW6wtbfMS4UX2v_UZEZw,Stay Inside
UC9infsKo33_2LUoiqXGgQWg,http://www.youtube.com/channel/UC9infsKo33_2LUoiqXGgQWg,Renegade Cut
UC9yt3wz-6j19RwD5m5f6HSg,http://www.youtube.com/channel/UC9yt3wz-6j19RwD5m5f6HSg,Think Twice
UCA0g3liRXdpqyhxiQiE55tA,http://www.youtube.com/channel/UCA0g3liRXdpqyhxiQiE55tA,MinuteFood
UCAIKWqE5-SjyeL1wQDaOb0g,http://www.youtube.com/channel/UCAIKWqE5-SjyeL1wQDaOb0g,The Pedantic Romantic
UCAMu6Dso0ENoNm3sKpQsy0g,http://www.youtube.com/channel/UCAMu6Dso0ENoNm3sKpQsy0g,Nir Lichtman
UCAOvjtWS7oJqLS1X3-g_mxQ,http://www.youtube.com/channel/UCAOvjtWS7oJqLS1X3-g_mxQ,Plus2Joe
UCATvtkiJWyTcTAkEmjajp0Q,http://www.youtube.com/channel/UCATvtkiJWyTcTAkEmjajp0Q,Car Free Keith
UCAWnFCJGAP7YPti-gQSe1ng,http://www.youtube.com/channel/UCAWnFCJGAP7YPti-gQSe1ng,Chris Remo
UCAbAsEZ-0LccTNbl8r-3EaQ,http://www.youtube.com/channel/UCAbAsEZ-0LccTNbl8r-3EaQ,Scott Yu-Jan
UCAhuwIvlcSpjlrJALruursQ,http://www.youtube.com/channel/UCAhuwIvlcSpjlrJALruursQ,CosmoSpeedruns
UCAnzaHhB0ONtwDkYdc3MFCw,http://www.youtube.com/channel/UCAnzaHhB0ONtwDkYdc3MFCw,Linkus7
UCAx8zJVSVrVvB5dvaTYzXpw,http://www.youtube.com/channel/UCAx8zJVSVrVvB5dvaTYzXpw,Greyt Show
UCB6ZABC2cArGjau4AyBMqVg,http://www.youtube.com/channel/UCB6ZABC2cArGjau4AyBMqVg,The Movie Rabbit Hole
UCB8EwbFEUR8IrDjq8LA8YrA,http://www.youtube.com/channel/UCB8EwbFEUR8IrDjq8LA8YrA,Holy Fucking Science
UCBFKqNS5wi5BQf93KtN0pLg,http://www.youtube.com/channel/UCBFKqNS5wi5BQf93KtN0pLg,AlwaysWheezy
UCBGt4ksgYC-au_J4LVC42bw,http://www.youtube.com/channel/UCBGt4ksgYC-au_J4LVC42bw,LightningOnDemand
UCBJycsmduvYEL83R_U4JriQ,http://www.youtube.com/channel/UCBJycsmduvYEL83R_U4JriQ,Marques Brownlee
UCBa659QWEk1AI4Tg--mrJ2A,http://www.youtube.com/channel/UCBa659QWEk1AI4Tg--mrJ2A,Tom Scott
UCBbnbBWJtwsf0jLGUwX5Q3g,http://www.youtube.com/channel/UCBbnbBWJtwsf0jLGUwX5Q3g,Journey to the Microcosmos
UCBciYThS5hOiuQ4aOxw4hHg,http://www.youtube.com/channel/UCBciYThS5hOiuQ4aOxw4hHg,Inkbox
UCBsuOBu-dxj5bx1KMgmar5g,http://www.youtube.com/channel/UCBsuOBu-dxj5bx1KMgmar5g,TheHappieCat
UCBtvdjob_29m85wjfQS1ALg,http://www.youtube.com/channel/UCBtvdjob_29m85wjfQS1ALg,Citations Needed
UCBxpC6MHa1_IwXth1FHL1Rg,http://www.youtube.com/channel/UCBxpC6MHa1_IwXth1FHL1Rg,Charles Clayton
UCByBOwwOU5tKddYpsrHiUUw,http://www.youtube.com/channel/UCByBOwwOU5tKddYpsrHiUUw,Xidnaf
UCC8zWIx8aBQme-x1nX9iZ0A,http://www.youtube.com/channel/UCC8zWIx8aBQme-x1nX9iZ0A,Dimension 20
UCCAgrIbwcJ67zIow1pNF30A,http://www.youtube.com/channel/UCCAgrIbwcJ67zIow1pNF30A,nottinghamscience
UCCWeRTgd79JL0ilH0ZywSJA,http://www.youtube.com/channel/UCCWeRTgd79JL0ilH0ZywSJA,AlphaPhoenix
UCCZkc96h2dlElrfYmMWr8KQ,http://www.youtube.com/channel/UCCZkc96h2dlElrfYmMWr8KQ,Engineer Bo
UCCpBuow1g13oS8TUhakzKGQ,http://www.youtube.com/channel/UCCpBuow1g13oS8TUhakzKGQ,Kav P
UCCtq5FqF_sklPX3MosHx6yA,http://www.youtube.com/channel/UCCtq5FqF_sklPX3MosHx6yA,mothcub
UCD5B6VoXv41fJ-IW8Wrhz9A,http://www.youtube.com/channel/UCD5B6VoXv41fJ-IW8Wrhz9A,Fermilab
UCD5eL38hFtSLiVFP9cCUJEA,http://www.youtube.com/channel/UCD5eL38hFtSLiVFP9cCUJEA,Daniel Stenberg
UCD8J_xbbBuGobmw_N5ga3MA,http://www.youtube.com/channel/UCD8J_xbbBuGobmw_N5ga3MA,Denis Shiryaev
UCDAXXrX2uUwvy7NXpPJWAAg,http://www.youtube.com/channel/UCDAXXrX2uUwvy7NXpPJWAAg,Mike Rugnetta
UCDBrVr0ttWpoRY-_yZajp2Q,http://www.youtube.com/channel/UCDBrVr0ttWpoRY-_yZajp2Q,alyankovic
UCDCpw4WH3apU0-eC9q3j2hw,http://www.youtube.com/channel/UCDCpw4WH3apU0-eC9q3j2hw,Ranged Touch
UCDJEFQIgRqybGKibycNZXNg,http://www.youtube.com/channel/UCDJEFQIgRqybGKibycNZXNg,Plastikk Press
UCDOx3X0Pb5m4fDTtBg7RzLA,http://www.youtube.com/channel/UCDOx3X0Pb5m4fDTtBg7RzLA,Do You Validate
UCDQ5X_HslGuWb9Grkqm1toA,http://www.youtube.com/channel/UCDQ5X_HslGuWb9Grkqm1toA,MartSnack
UCDRmGMSgrtZkOsh_NQl4_xw,http://www.youtube.com/channel/UCDRmGMSgrtZkOsh_NQl4_xw,Secret Base
UCDbdpVSfdIPvCcrnwUBCtQA,http://www.youtube.com/channel/UCDbdpVSfdIPvCcrnwUBCtQA,GASTROFÍSICA
UCDfr25a1fzOgWZFwvIIRuHg,http://www.youtube.com/channel/UCDfr25a1fzOgWZFwvIIRuHg,GingerOfOz
UCDiKw3GnFIwyNJBzhCoRI-Q,http://www.youtube.com/channel/UCDiKw3GnFIwyNJBzhCoRI-Q,Framework
UCDm-nYAJuqrBIy57EgWAymw,http://www.youtube.com/channel/UCDm-nYAJuqrBIy57EgWAymw,Gamechamp3000
UCDpi86-drykZcnaDmR_4Yqw,http://www.youtube.com/channel/UCDpi86-drykZcnaDmR_4Yqw,Animal Wire
UCDsO-0Yo5zpJk575nKXgMVA,http://www.youtube.com/channel/UCDsO-0Yo5zpJk575nKXgMVA,RocketJump
UCE1jXbVAGJQEORz9nZqb5bQ,http://www.youtube.com/channel/UCE1jXbVAGJQEORz9nZqb5bQ,Ahoy
UCEIwxahdLz7bap-VDs9h35A,http://www.youtube.com/channel/UCEIwxahdLz7bap-VDs9h35A,Steve Mould
UCEKJKJ3FO-9SFv5x5BzyxhQ,http://www.youtube.com/channel/UCEKJKJ3FO-9SFv5x5BzyxhQ,2kliksphilip
UCEKRfoZ5t1VBdWfn9k6UgXw,http://www.youtube.com/channel/UCEKRfoZ5t1VBdWfn9k6UgXw,Alex Moukala Music
UCEOXxzW2vU0P-0THehuIIeg,http://www.youtube.com/channel/UCEOXxzW2vU0P-0THehuIIeg,Captain Disillusion
UCEas6ztXcwEkbaClw4zof9g,http://www.youtube.com/channel/UCEas6ztXcwEkbaClw4zof9g,ClassicGameJunkie
UCEgm-3RvRn4nCR-fGGVsfdQ,http://www.youtube.com/channel/UCEgm-3RvRn4nCR-fGGVsfdQ,Mattias Krantz
UCEmM7OESxvBZs9bSKSOSQiA,http://www.youtube.com/channel/UCEmM7OESxvBZs9bSKSOSQiA,ehmteevee
UCEozHN2uoprBmM2LSDDS7ew,http://www.youtube.com/channel/UCEozHN2uoprBmM2LSDDS7ew,hankgames
UCEp20NgOZHmgWdbQdHSxgjw,http://www.youtube.com/channel/UCEp20NgOZHmgWdbQdHSxgjw,This Does Not Compute
UCEr0CtoODV2mCMjjMHooLWQ,http://www.youtube.com/channel/UCEr0CtoODV2mCMjjMHooLWQ,potterpuppetpals
UCErSSa3CaP_GJxmFpdjG9Jw,http://www.youtube.com/channel/UCErSSa3CaP_GJxmFpdjG9Jw,Lessons from the Screenplay
UCEtB-nx5ngoNJWEzYa-yXBg,http://www.youtube.com/channel/UCEtB-nx5ngoNJWEzYa-yXBg,FilmJoy
UCEzWOOl-1mefMTBofYjc7Dg,http://www.youtube.com/channel/UCEzWOOl-1mefMTBofYjc7Dg,Table 8 Productions
UCF1fG3gT44nGTPU2sVLoFWg,http://www.youtube.com/channel/UCF1fG3gT44nGTPU2sVLoFWg,Patrick (H) Willems
UCF3UCTZiVg9wrIEzO7Om6jw,http://www.youtube.com/channel/UCF3UCTZiVg9wrIEzO7Om6jw,Mick West
UCF4J8-QgeoGESBTcOhQ6EHw,http://www.youtube.com/channel/UCF4J8-QgeoGESBTcOhQ6EHw,Speed Docs
UCFLwN7vRu8M057qJF8TsBaA,http://www.youtube.com/channel/UCFLwN7vRu8M057qJF8TsBaA,UpIsNotJump
UCFZHhzU1hVeRqvgor5Jl3iQ,http://www.youtube.com/channel/UCFZHhzU1hVeRqvgor5Jl3iQ,David Achu
UCFdazs-6CNzSVv1J0a-qy4A,http://www.youtube.com/channel/UCFdazs-6CNzSVv1J0a-qy4A,donoteat01
UCFeIEAkqvS4fJMTwUtF4OFw,http://www.youtube.com/channel/UCFeIEAkqvS4fJMTwUtF4OFw,Boarbarktree
UCFhXFikryT4aFcLkLw2LBLA,http://www.youtube.com/channel/UCFhXFikryT4aFcLkLw2LBLA,NileRed
UCFk__1iexL3T5gvGcMpeHNA,http://www.youtube.com/channel/UCFk__1iexL3T5gvGcMpeHNA,Looking Glass Universe
UCFqaprvZ2K5JOULCvr18NTQ,http://www.youtube.com/channel/UCFqaprvZ2K5JOULCvr18NTQ,How to Adult
UCFsIxa_wOsw6i9NWnmA7--w,http://www.youtube.com/channel/UCFsIxa_wOsw6i9NWnmA7--w,zayloox
UCG1h-Wqjtwz7uUANw6gazRw,http://www.youtube.com/channel/UCG1h-Wqjtwz7uUANw6gazRw,Lindsay Ellis
UCG7J20LhUeLl6y_Emi7OJrA,http://www.youtube.com/channel/UCG7J20LhUeLl6y_Emi7OJrA,The Studio
UCG9fr-NSOwaE65w092RO_AA,http://www.youtube.com/channel/UCG9fr-NSOwaE65w092RO_AA,Lady Emily
UCGRB1ZjIqAiaGwt-XLq9CnA,http://www.youtube.com/channel/UCGRB1ZjIqAiaGwt-XLq9CnA,Sciencium
UCGRhAtuoBI6y0h9BblsxVdQ,http://www.youtube.com/channel/UCGRhAtuoBI6y0h9BblsxVdQ,JeremyThunder
UCGSW-G716AyjUlNJCNl-mAg,http://www.youtube.com/channel/UCGSW-G716AyjUlNJCNl-mAg,ele VR
UCGTh1c-Ap9b1ZOHjkCEdpKw,http://www.youtube.com/channel/UCGTh1c-Ap9b1ZOHjkCEdpKw,katbamkapow
UCGaVdbSav8xWuFWTadK6loA,http://www.youtube.com/channel/UCGaVdbSav8xWuFWTadK6loA,vlogbrothers
UCGh4KSR8TZZlyq3qQDBsBLA,http://www.youtube.com/channel/UCGh4KSR8TZZlyq3qQDBsBLA,ContraPointsLive
UCGog4JPn5-W3_XIKccENysg,http://www.youtube.com/channel/UCGog4JPn5-W3_XIKccENysg,halim alrah
UCHC4G4X-OR5WkY-IquRGa3Q,http://www.youtube.com/channel/UCHC4G4X-OR5WkY-IquRGa3Q,Tom Scott plus
UCHPisitAcPeMVZwRw3jYiuA,http://www.youtube.com/channel/UCHPisitAcPeMVZwRw3jYiuA,M Stem
UCHTnEwQKNwm49CQeCVZogMw,http://www.youtube.com/channel/UCHTnEwQKNwm49CQeCVZogMw,Boundary Break
UCH_7doiCkWeq0v3ycWE5lDw,http://www.youtube.com/channel/UCH_7doiCkWeq0v3ycWE5lDw,Any Austin
UCH_htag1J6WExOUuU4O2tzw,http://www.youtube.com/channel/UCH_htag1J6WExOUuU4O2tzw,The Blanks Official YouTube Page
UCHbx9IUW7eCeJsC4sBCTNBA,http://www.youtube.com/channel/UCHbx9IUW7eCeJsC4sBCTNBA,iFixit
UCHelL7_u3zwNlshYcF_6PlA,http://www.youtube.com/channel/UCHelL7_u3zwNlshYcF_6PlA,お兄ちゃんねる - OniiChannel
UCHgFsxnCoURxP97gi3bQ5WQ,http://www.youtube.com/channel/UCHgFsxnCoURxP97gi3bQ5WQ,Silver Sprocket
UCHiwtz2tCEfS17N9A-WoSSw,http://www.youtube.com/channel/UCHiwtz2tCEfS17N9A-WoSSw,Pop Culture Detective
UCHudN_9O_OD5KQIueahpYvg,http://www.youtube.com/channel/UCHudN_9O_OD5KQIueahpYvg,Bright Sun Travels
UCHzIO0agtCQEsTxUcahZgjQ,http://www.youtube.com/channel/UCHzIO0agtCQEsTxUcahZgjQ,Marble Hornets
UCI8iQa1hv7oV_Z8D35vVuSg,http://www.youtube.com/channel/UCI8iQa1hv7oV_Z8D35vVuSg,Hardware Unboxed
UCIGRhqYssT6IGPYOnZBFYKw,http://www.youtube.com/channel/UCIGRhqYssT6IGPYOnZBFYKw,Mattias Pilhede
UCILb-FfzxXNUz33Du0aAi_w,http://www.youtube.com/channel/UCILb-FfzxXNUz33Du0aAi_w,Bryan Saint
UCIPqOTYW439-5hUz6r3U1fA,http://www.youtube.com/channel/UCIPqOTYW439-5hUz6r3U1fA,H.BurgerGuy
UCIQwQd_A0P8gN-s8YEBFUhA,http://www.youtube.com/channel/UCIQwQd_A0P8gN-s8YEBFUhA,Pillow Castle
UCIUex9Rd8YqVAbJgVO2CtYg,http://www.youtube.com/channel/UCIUex9Rd8YqVAbJgVO2CtYg,GC Vazquez
UCIZa-t5ctYtAn6BruNTxxwQ,http://www.youtube.com/channel/UCIZa-t5ctYtAn6BruNTxxwQ,Clockwork
UCIdVOofoUN2rWQPLHX6xmJw,http://www.youtube.com/channel/UCIdVOofoUN2rWQPLHX6xmJw,nathanfielder
UCIoNgwHpavUi2UnC68cKgbw,http://www.youtube.com/channel/UCIoNgwHpavUi2UnC68cKgbw,Marshall McGee
UCIrzMjHRj6ggMlmjIkWZ1xw,http://www.youtube.com/channel/UCIrzMjHRj6ggMlmjIkWZ1xw,DoeEyes
UCIyZiiHXIH7KkqfaDvBmG-Q,http://www.youtube.com/channel/UCIyZiiHXIH7KkqfaDvBmG-Q,EZScape
UCJ0-OtVpF0wOKEqT2Z1HEtA,http://www.youtube.com/channel/UCJ0-OtVpF0wOKEqT2Z1HEtA,ElectroBOOM
UCJ0yBou72Lz9fqeMXh9mkog,http://www.youtube.com/channel/UCJ0yBou72Lz9fqeMXh9mkog,Physics Videos by Eugene Khutoryansky
UCJ6o36XL0CpYb6U5dNBiXHQ,http://www.youtube.com/channel/UCJ6o36XL0CpYb6U5dNBiXHQ,Shaun
UCJ7eptoy8sqcSI_3g8ofKNw,http://www.youtube.com/channel/UCJ7eptoy8sqcSI_3g8ofKNw,GigaBoots Tech Lab
UCJEEBGR1_4tM3uDaXQ-Aqjw,http://www.youtube.com/channel/UCJEEBGR1_4tM3uDaXQ-Aqjw,PurpleEyesWTF
UCJLZe_NoiG0hT7QCX_9vmqw,http://www.youtube.com/channel/UCJLZe_NoiG0hT7QCX_9vmqw,I did a thing
UCJOh5FKisc0hUlEeWFBlD-w,http://www.youtube.com/channel/UCJOh5FKisc0hUlEeWFBlD-w,jan Misali
UCJOzFn6EU1wxQlEhbor14RA,http://www.youtube.com/channel/UCJOzFn6EU1wxQlEhbor14RA,Sailor J
UCJR3MKeKKNrEn9ZV6cnsYjQ,http://www.youtube.com/channel/UCJR3MKeKKNrEn9ZV6cnsYjQ,new practice
UCJVXj8BvHykEklEeKjFwaXQ,http://www.youtube.com/channel/UCJVXj8BvHykEklEeKjFwaXQ,Micro
UCJYJgj7rzsn0vdR7fkgjuIA,http://www.youtube.com/channel/UCJYJgj7rzsn0vdR7fkgjuIA,styropyro
UCJfJWct8jN1RpCuVWk3zHTA,http://www.youtube.com/channel/UCJfJWct8jN1RpCuVWk3zHTA,Daryl Talks Games
UCJkMlOu7faDgqh4PfzbpLdg,http://www.youtube.com/channel/UCJkMlOu7faDgqh4PfzbpLdg,Nerdwriter1
UCJvBEEqTaLaKclbCPgIjBSQ,http://www.youtube.com/channel/UCJvBEEqTaLaKclbCPgIjBSQ,Smooth McGroove
UCJxsAjbKGzdq9__bqTEf_fQ,http://www.youtube.com/channel/UCJxsAjbKGzdq9__bqTEf_fQ,gymnast86
UCK-GxvzttTnNhq3JPYpXhqg,http://www.youtube.com/channel/UCK-GxvzttTnNhq3JPYpXhqg,Sarah Z
UCKF5151a6yAooOILrYTvfJg,http://www.youtube.com/channel/UCKF5151a6yAooOILrYTvfJg,Taki Udon
UCKOvOaJv4GK-oDqx-sj7VVg,http://www.youtube.com/channel/UCKOvOaJv4GK-oDqx-sj7VVg,Chubbyemu
UCKY00CSQo1MoC27bdGd-w_g,http://www.youtube.com/channel/UCKY00CSQo1MoC27bdGd-w_g,Zogg from Betelgeuse
UCKhw19mznhm4Ar9NcO1vzBw,http://www.youtube.com/channel/UCKhw19mznhm4Ar9NcO1vzBw,YourCoolUncleMarisa
UCLCL_d1xICtMrJcGp15G1-A,http://www.youtube.com/channel/UCLCL_d1xICtMrJcGp15G1-A,A More Civilized Age: A Star Wars Podcast
UCLFXk9J3O-hhOk0msOjKYdQ,http://www.youtube.com/channel/UCLFXk9J3O-hhOk0msOjKYdQ,TerminalMontage
UCLPIbBCKVH2uKGm5C4sOkew,http://www.youtube.com/channel/UCLPIbBCKVH2uKGm5C4sOkew,RetroRGB
UCLTf2Z0G-k1lp9bhzsyk3_Q,http://www.youtube.com/channel/UCLTf2Z0G-k1lp9bhzsyk3_Q,Abnormal Mapping
UCLdcgni1mCq1OxUE3HIL8QQ,http://www.youtube.com/channel/UCLdcgni1mCq1OxUE3HIL8QQ,Vintage ChezLindsay
UCLw4zSJ6MfvwWXFiwtdwqPw,http://www.youtube.com/channel/UCLw4zSJ6MfvwWXFiwtdwqPw,ichibanhomie
UCLx053rWZxCiYWsBETgdKrQ,http://www.youtube.com/channel/UCLx053rWZxCiYWsBETgdKrQ,LGR
UCM0V8r4kuIWIl6Sy-NHj2lg,http://www.youtube.com/channel/UCM0V8r4kuIWIl6Sy-NHj2lg,Quinton Reviews
UCMEn6ipxxYCUc42t3d2JoIg,http://www.youtube.com/channel/UCMEn6ipxxYCUc42t3d2JoIg,James Howell
UCMG5uQag6BoG4w4rH7iGt4w,http://www.youtube.com/channel/UCMG5uQag6BoG4w4rH7iGt4w,Alex Boucher
UCMHBVNvBHwjshyq6TTRrKaQ,http://www.youtube.com/channel/UCMHBVNvBHwjshyq6TTRrKaQ,Ballin' Out SUPER
UCMHtVwCWo88DFzF6PikFOfQ,http://www.youtube.com/channel/UCMHtVwCWo88DFzF6PikFOfQ,Kofie
UCMOqf8ab-42UUQIdVoKwjlQ,http://www.youtube.com/channel/UCMOqf8ab-42UUQIdVoKwjlQ,Practical Engineering
UCMWdd9xaGXlgYHaTB8p4mdg,http://www.youtube.com/channel/UCMWdd9xaGXlgYHaTB8p4mdg,Radical Face
UCMWt3IPMp-HtqrlFDCnhE-Q,http://www.youtube.com/channel/UCMWt3IPMp-HtqrlFDCnhE-Q,Minerva McJanda
UCMkbjxvwur30YrFWw8kpSaw,http://www.youtube.com/channel/UCMkbjxvwur30YrFWw8kpSaw,homestarrunnerdotcom
UCMm211NGh4Ls5SAMZJF7E8A,http://www.youtube.com/channel/UCMm211NGh4Ls5SAMZJF7E8A,pannenkoek2012
UCMpizQXRt817D0qpBQZ2TlA,http://www.youtube.com/channel/UCMpizQXRt817D0qpBQZ2TlA,singingbanana
UCN1Dg0gd31dxNfQez6yPB7Q,http://www.youtube.com/channel/UCN1Dg0gd31dxNfQez6yPB7Q,Stephanie Sammann
UCNGSLqZab4TkgY8cnJQxgtA,http://www.youtube.com/channel/UCNGSLqZab4TkgY8cnJQxgtA,psyfile
UCNOVwMpD-5A1xzcQGbIHNeA,http://www.youtube.com/channel/UCNOVwMpD-5A1xzcQGbIHNeA,Design Doc
UCNh1ufhc1xCa26M0nYurpNQ,http://www.youtube.com/channel/UCNh1ufhc1xCa26M0nYurpNQ,Trace Five
UCNk3CeLpCA0qIZsuzGl09cw,http://www.youtube.com/channel/UCNk3CeLpCA0qIZsuzGl09cw,Homemade Science with Bruce Yeany
UCNlBbEpwffgWefkbRm73xxQ,http://www.youtube.com/channel/UCNlBbEpwffgWefkbRm73xxQ,Stuff Made Here 2
UCNmXRwlQMlyXtLj-L9x3hLQ,http://www.youtube.com/channel/UCNmXRwlQMlyXtLj-L9x3hLQ,OlanRogers
UCNnWgkzPKPgW-1kCLHZ7n0w,http://www.youtube.com/channel/UCNnWgkzPKPgW-1kCLHZ7n0w,Mecha
UCNqSF-tYoFYFxa7aayp_wiA,http://www.youtube.com/channel/UCNqSF-tYoFYFxa7aayp_wiA,"[mtbdesignworks {Miegakure, 4D Toys}]"
UCNt-VKnOf-6-vVYqdiI_K8g,http://www.youtube.com/channel/UCNt-VKnOf-6-vVYqdiI_K8g,AllThingsOnePlace
UCNvsIonJdJ5E4EXMa65VYpA,http://www.youtube.com/channel/UCNvsIonJdJ5E4EXMa65VYpA,ContraPoints
UCNxrB1_wm8FCy_-VFB91UmQ,http://www.youtube.com/channel/UCNxrB1_wm8FCy_-VFB91UmQ,DeepBlueInk
UCNzMN14ye39Rlk3JKuxBZDw,http://www.youtube.com/channel/UCNzMN14ye39Rlk3JKuxBZDw,allthequestions
UCNzszbnvQeFzObW0ghk0Ckw,http://www.youtube.com/channel/UCNzszbnvQeFzObW0ghk0Ckw,Dave's Garage
UCO-zhhas4n_kAPHaeLe1qnQ,http://www.youtube.com/channel/UCO-zhhas4n_kAPHaeLe1qnQ,The Technical Difficulties
UCO5B0Zto3RMgeGc3fJEUvvA,http://www.youtube.com/channel/UCO5B0Zto3RMgeGc3fJEUvvA,Jordan Jonas
UCO5XcuQe_fLJVI3sZ0LmGCA,http://www.youtube.com/channel/UCO5XcuQe_fLJVI3sZ0LmGCA,Nujabes
UCO8U0kx_oDhgd3o57rQAlXQ,http://www.youtube.com/channel/UCO8U0kx_oDhgd3o57rQAlXQ,tim rogers
UCOGeU-1Fig3rrDjhm9Zs_wg,http://www.youtube.com/channel/UCOGeU-1Fig3rrDjhm9Zs_wg,Vihart
UCOQhN7iTuq0EVs9P_hew5Ig,http://www.youtube.com/channel/UCOQhN7iTuq0EVs9P_hew5Ig,reichhen
UCOT2iLov0V7Re7ku_3UBtcQ,http://www.youtube.com/channel/UCOT2iLov0V7Re7ku_3UBtcQ,Hank Green
UCOU-cHVIJhJ9JAeg2ZIIrRg,http://www.youtube.com/channel/UCOU-cHVIJhJ9JAeg2ZIIrRg,Soliloquy
UCOYWgypDktXdb-HfZnSMK6A,http://www.youtube.com/channel/UCOYWgypDktXdb-HfZnSMK6A,TomSka
UCOd49Jk5JjgHNynxRrUdJ7g,http://www.youtube.com/channel/UCOd49Jk5JjgHNynxRrUdJ7g,Zeria
UCOxhwqKKlVq_NaD0LVffGuw,http://www.youtube.com/channel/UCOxhwqKKlVq_NaD0LVffGuw,Lorde
UCOzuch8oW61hVYffbQ-upWw,http://www.youtube.com/channel/UCOzuch8oW61hVYffbQ-upWw,Lines That Connect
UCP16wb-IThCVvM8D-Xx8HXA,http://www.youtube.com/channel/UCP16wb-IThCVvM8D-Xx8HXA,BackstageScience
UCP4nS6ag1-E6TzlQvaWfiZg,http://www.youtube.com/channel/UCP4nS6ag1-E6TzlQvaWfiZg,JelloApocalypse
UCPDXXXJj9nax0fr0Wfc048g,http://www.youtube.com/channel/UCPDXXXJj9nax0fr0Wfc048g,Dropout
UCPIBtu2SBuW_VFHwKwDOtYg,http://www.youtube.com/channel/UCPIBtu2SBuW_VFHwKwDOtYg,minimme
UCPNVUqNoZTB2FpLO7F0dtew,http://www.youtube.com/channel/UCPNVUqNoZTB2FpLO7F0dtew,William Chyr
UCPWB24P6SJd0h9kVtJcS62Q,http://www.youtube.com/channel/UCPWB24P6SJd0h9kVtJcS62Q,Intellectual Mathematics
UCPlWv88ZRMxCcK3BGjrX7ew,http://www.youtube.com/channel/UCPlWv88ZRMxCcK3BGjrX7ew,Writing on Games
UCPqeWdb-LGtPXeVXNoh-iqA,http://www.youtube.com/channel/UCPqeWdb-LGtPXeVXNoh-iqA,Critical Kate (of A Critical Hit!)
UCPtI8sjY16YZpH_KgiDpR0Q,http://www.youtube.com/channel/UCPtI8sjY16YZpH_KgiDpR0Q,Bijan Stephen
UCQ9STd0zeHrrQGJQEuvhuTw,http://www.youtube.com/channel/UCQ9STd0zeHrrQGJQEuvhuTw,Bismuth
UCQALLeQPoZdZC4JNUboVEUg,http://www.youtube.com/channel/UCQALLeQPoZdZC4JNUboVEUg,Jabrils
UCQEUvBxemTOMYSEVaTNumRw,http://www.youtube.com/channel/UCQEUvBxemTOMYSEVaTNumRw,Jamie Loftus
UCQHsMwcGoH1ygyi-pJs5Z8A,http://www.youtube.com/channel/UCQHsMwcGoH1ygyi-pJs5Z8A,Frame of Essence
UCQJQB-ij7HNYKCyNdi0Y--Q,http://www.youtube.com/channel/UCQJQB-ij7HNYKCyNdi0Y--Q,Make With Miles
UCQL5ABUvwY7YoW5lgMyAS_w,http://www.youtube.com/channel/UCQL5ABUvwY7YoW5lgMyAS_w,WheezyWaiter
UCQVsTJx31Q_6o1bW9BHaO2w,http://www.youtube.com/channel/UCQVsTJx31Q_6o1bW9BHaO2w,Intelexual Media
UCQeDjGVRTWAApRmP_xFWaRA,http://www.youtube.com/channel/UCQeDjGVRTWAApRmP_xFWaRA,Not David
UCQuMnhieoyiWRQTFazgKXMg,http://www.youtube.com/channel/UCQuMnhieoyiWRQTFazgKXMg,About Clean Code
UCQuZgTeDkLjVdsO6Ahg9Qjw,http://www.youtube.com/channel/UCQuZgTeDkLjVdsO6Ahg9Qjw,Red Bard
UCR-DXc1voovS8nhAvccRZhg,http://www.youtube.com/channel/UCR-DXc1voovS8nhAvccRZhg,Jeff Geerling
UCR2_S73hk9tsQm3wfMhrCmg,http://www.youtube.com/channel/UCR2_S73hk9tsQm3wfMhrCmg,Bitch Avenue
UCRhgtVPExY900ns9Xsxuvrw,http://www.youtube.com/channel/UCRhgtVPExY900ns9Xsxuvrw,AustinSV
UCRsSVa7zu3l5e0CI3j14NrA,http://www.youtube.com/channel/UCRsSVa7zu3l5e0CI3j14NrA,soiboi soft
UCRwr1kxjL-8m1L6mQXB2zSQ,http://www.youtube.com/channel/UCRwr1kxjL-8m1L6mQXB2zSQ,BradyStuff
UCS-WzPVpAAli-1IfEG2lN8A,http://www.youtube.com/channel/UCS-WzPVpAAli-1IfEG2lN8A,Michael MJD
UCS0N5baNlQWJCUrhCEo8WlA,http://www.youtube.com/channel/UCS0N5baNlQWJCUrhCEo8WlA,Ben Eater
UCS6Hy72uP6nCbKMfs7hHKKg,http://www.youtube.com/channel/UCS6Hy72uP6nCbKMfs7hHKKg,Laura Crone
UCSOpcUkE-is7u7c4AkLgqTw,http://www.youtube.com/channel/UCSOpcUkE-is7u7c4AkLgqTw,MrMobile [Michael Fisher]
UCSWMraguMlNanVQgseTTr_Q,http://www.youtube.com/channel/UCSWMraguMlNanVQgseTTr_Q,f4mi
UCSdma21fnJzgmPodhC9SJ3g,http://www.youtube.com/channel/UCSdma21fnJzgmPodhC9SJ3g,NakeyJakey
UCSju5G2aFaWMqn-_0YBtq5A,http://www.youtube.com/channel/UCSju5G2aFaWMqn-_0YBtq5A,Stand-up Maths
UCSkzHxIcfoEr69MWBdo0ppg,http://www.youtube.com/channel/UCSkzHxIcfoEr69MWBdo0ppg,Jonas Čeika - CCK Philosophy
UCSzjwsJeXO_XUjCvjjGIGAw,http://www.youtube.com/channel/UCSzjwsJeXO_XUjCvjjGIGAw,TheRealJims
UCT7njg__VOy3n-SvXemDHvg,http://www.youtube.com/channel/UCT7njg__VOy3n-SvXemDHvg,Core-A Gaming
UCTUtqcDkzw7bisadh6AOx5w,http://www.youtube.com/channel/UCTUtqcDkzw7bisadh6AOx5w,12tone
UCTY2yk-y9LxKbRXm4Bx1heA,http://www.youtube.com/channel/UCTY2yk-y9LxKbRXm4Bx1heA,Donald Faison
UCTduzDvxJhjsZzKa8L3mFcw,http://www.youtube.com/channel/UCTduzDvxJhjsZzKa8L3mFcw,Friends at the Table
UCTlGuNR-3QM0PMPNCAcAX2w,http://www.youtube.com/channel/UCTlGuNR-3QM0PMPNCAcAX2w,FLEB
UCTrAO0TDCldnYUN3BkLmGcw,http://www.youtube.com/channel/UCTrAO0TDCldnYUN3BkLmGcw,b001
UCTxIkQLGQK-wG1fwcOh-TWQ,http://www.youtube.com/channel/UCTxIkQLGQK-wG1fwcOh-TWQ,AnimEigo & Whole Grain Pictures
UCTzI0MzwEEImh4BOUUGGhKg,http://www.youtube.com/channel/UCTzI0MzwEEImh4BOUUGGhKg,Alexis Dahl
UCU3iOAFW_gegSH0COsnnbxw,http://www.youtube.com/channel/UCU3iOAFW_gegSH0COsnnbxw,Travis McElroy
UCUCo_G9HneFK4Luncw6v-Bw,http://www.youtube.com/channel/UCUCo_G9HneFK4Luncw6v-Bw,Shank Mods
UCUEgJIixzlG53ybR9tZufxw,http://www.youtube.com/channel/UCUEgJIixzlG53ybR9tZufxw,kavan
UCUHW94eEFW7hkUMVaZz4eDg,http://www.youtube.com/channel/UCUHW94eEFW7hkUMVaZz4eDg,minutephysics
UCUK0HBIBWgM2c4vsPhkYY4w,http://www.youtube.com/channel/UCUK0HBIBWgM2c4vsPhkYY4w,The Slow Mo Guys
UCUMwY9iS8oMyWDYIe6_RmoA,http://www.youtube.com/channel/UCUMwY9iS8oMyWDYIe6_RmoA,No Boilerplate
UCUNLq3Vrf807S3Uo3cnRFZQ,http://www.youtube.com/channel/UCUNLq3Vrf807S3Uo3cnRFZQ,Hyenas and Gin
UCUNoEsSfUcyNlaJbieYkMvg,http://www.youtube.com/channel/UCUNoEsSfUcyNlaJbieYkMvg,Jon Bois
UCUQo7nzH1sXVpzL92VesANw,http://www.youtube.com/channel/UCUQo7nzH1sXVpzL92VesANw,DIY Perks
UCUbDcUPed50Y_7KmfCXKohA,http://www.youtube.com/channel/UCUbDcUPed50Y_7KmfCXKohA,James Bruton
UCUgPXwXoG1euERt6xpNeV7A,http://www.youtube.com/channel/UCUgPXwXoG1euERt6xpNeV7A,Will Save Productions
UCUjQvahkL7sTVIs6xpMy17w,http://www.youtube.com/channel/UCUjQvahkL7sTVIs6xpMy17w,Austin Walker
UCUmd1iHHPmGO-CXVmwPuLyA,http://www.youtube.com/channel/UCUmd1iHHPmGO-CXVmwPuLyA,camwing
UCUtloyZ_Iu4BJekIqPLc_fQ,http://www.youtube.com/channel/UCUtloyZ_Iu4BJekIqPLc_fQ,Angie Speaks
UCUvGQUqJhUAOLKQry-56_kQ,http://www.youtube.com/channel/UCUvGQUqJhUAOLKQry-56_kQ,truthorfail
UCUxIu91gGsK9Q0tTcQM8iNw,http://www.youtube.com/channel/UCUxIu91gGsK9Q0tTcQM8iNw,abe's projects
UCUzQJ3JBuQ9w-po4TXRJHiA,http://www.youtube.com/channel/UCUzQJ3JBuQ9w-po4TXRJHiA,jdh
UCV0UDLQyF2bGnR5KrVVg5cQ,http://www.youtube.com/channel/UCV0UDLQyF2bGnR5KrVVg5cQ,FILM CRIT HULK
UCV0t1y4h_6-2SqEpXBXgwFQ,http://www.youtube.com/channel/UCV0t1y4h_6-2SqEpXBXgwFQ,AngeTheGreat
UCV5e-Ih5A-4qKb_n67zJTyg,http://www.youtube.com/channel/UCV5e-Ih5A-4qKb_n67zJTyg,Umbrella Terms
UCV5vCi3jPJdURZwAOO_FNfQ,http://www.youtube.com/channel/UCV5vCi3jPJdURZwAOO_FNfQ,The Thought Emporium
UCV5wuGZmg_FGQp25uzKKDaw,http://www.youtube.com/channel/UCV5wuGZmg_FGQp25uzKKDaw,OneyNG
UCVOiAPB-SBH6flZSpAMQZ-w,http://www.youtube.com/channel/UCVOiAPB-SBH6flZSpAMQZ-w,HumZillion
UCVPlna2lQeeKCToUxAP16ew,http://www.youtube.com/channel/UCVPlna2lQeeKCToUxAP16ew,Suede
UCVS89U86PwqzNkK2qYNbk5A,http://www.youtube.com/channel/UCVS89U86PwqzNkK2qYNbk5A,Allen Pan
UCVavh25yuXxP0kjoS07zHJw,http://www.youtube.com/channel/UCVavh25yuXxP0kjoS07zHJw,HangoverUncensored
UCVo63lbKHjC04KqYhwSZ_Pg,http://www.youtube.com/channel/UCVo63lbKHjC04KqYhwSZ_Pg,Defunctland
UCVovvq34gd0ps5cVYNZrc7A,http://www.youtube.com/channel/UCVovvq34gd0ps5cVYNZrc7A,Explosions&Fire
UCVpankR4HtoAVtYnFDUieYA,http://www.youtube.com/channel/UCVpankR4HtoAVtYnFDUieYA,Ze Frank
UCW6J17hZ_Vgr6cQgd_kHt5A,http://www.youtube.com/channel/UCW6J17hZ_Vgr6cQgd_kHt5A,MobileTechReview
UCW7hxaNe3iYpubCI2W7GRTw,http://www.youtube.com/channel/UCW7hxaNe3iYpubCI2W7GRTw,LuckyChainsaw
UCWF_L0DmPb6mcCyXVmuBOcA,http://www.youtube.com/channel/UCWF_L0DmPb6mcCyXVmuBOcA,jaytaiko
UCWPTiFpzm8559H-9Err59gw,http://www.youtube.com/channel/UCWPTiFpzm8559H-9Err59gw,Turbo Button
UCWQaM7SpSECp9FELz-cHzuQ,http://www.youtube.com/channel/UCWQaM7SpSECp9FELz-cHzuQ,Dreams of Code
UCWTFGPpNQ0Ms6afXhaWDiRw,http://www.youtube.com/channel/UCWTFGPpNQ0Ms6afXhaWDiRw,Now You See It
UCWZ3HFiJkxG1K8C4HVnyBvQ,http://www.youtube.com/channel/UCWZ3HFiJkxG1K8C4HVnyBvQ,Vic Berger
UCWZjWqQ1gt5dakhUuzRVZbA,http://www.youtube.com/channel/UCWZjWqQ1gt5dakhUuzRVZbA,Jeffiot
UCWcTTRbmxbVM9HF8eKsDSBg,http://www.youtube.com/channel/UCWcTTRbmxbVM9HF8eKsDSBg,Discotek Media
UCWdThUGn6xcAtmxBDjOUY6w,http://www.youtube.com/channel/UCWdThUGn6xcAtmxBDjOUY6w,Jesse Tribble
UCWq-qJSudqKrzquTVep9Jwg,http://www.youtube.com/channel/UCWq-qJSudqKrzquTVep9Jwg,The Royal Ocean Film Society
UCWqr2tH3dPshNhPjV5h1xRw,http://www.youtube.com/channel/UCWqr2tH3dPshNhPjV5h1xRw,Super Bunnyhop
UCWu9QuHF-dcakBmhullIH6w,http://www.youtube.com/channel/UCWu9QuHF-dcakBmhullIH6w,Waypoint
UCX5fKjyYty3MxBEuj88HF7w,http://www.youtube.com/channel/UCX5fKjyYty3MxBEuj88HF7w,Built World
UCX6b17PVsYBQ0ip5gyeme-Q,http://www.youtube.com/channel/UCX6b17PVsYBQ0ip5gyeme-Q,CrashCourse
UCXLrdG_ZVt4US1iV40ytiQQ,http://www.youtube.com/channel/UCXLrdG_ZVt4US1iV40ytiQQ,Shawn Wasabi
UCXSFnQc5niQR7jHMf0U7aQA,http://www.youtube.com/channel/UCXSFnQc5niQR7jHMf0U7aQA,Dev Detour
UCXgpaZxObvROehgpRAmg0SQ,http://www.youtube.com/channel/UCXgpaZxObvROehgpRAmg0SQ,Hedron Rockworks
UCXnNibvR_YIdyPs8PZIBoEw,http://www.youtube.com/channel/UCXnNibvR_YIdyPs8PZIBoEw,Cathode Ray Dude - CRD
UCXpFBxmCZ8CURtKW7fXkNtA,http://www.youtube.com/channel/UCXpFBxmCZ8CURtKW7fXkNtA,Nathan Zed
UCY1kMZp36IQSyNx_9h4mpCg,http://www.youtube.com/channel/UCY1kMZp36IQSyNx_9h4mpCg,Mark Rober
UCY3dk5-6NtOsWjMs_iXvQBA,http://www.youtube.com/channel/UCY3dk5-6NtOsWjMs_iXvQBA,bobvids
UCY4T1sMmfvUGuBaBboZY55Q,http://www.youtube.com/channel/UCY4T1sMmfvUGuBaBboZY55Q,Amazing Animation Analysis
UCY7p_KVoBpn6YEiVUnvF_lQ,http://www.youtube.com/channel/UCY7p_KVoBpn6YEiVUnvF_lQ,Pegbarians
UCYEwmTKUE5Ua2yiYRfe-7qQ,http://www.youtube.com/channel/UCYEwmTKUE5Ua2yiYRfe-7qQ,Ariel Waldman
UCYO_jab_esuFRV4b17AJtAw,http://www.youtube.com/channel/UCYO_jab_esuFRV4b17AJtAw,3Blue1Brown
UCYuQjtwffrSIzfswH3V24mQ,http://www.youtube.com/channel/UCYuQjtwffrSIzfswH3V24mQ,Tom Delalande
UCZ7g7HfH1gWmhgxW47IcW7Q,http://www.youtube.com/channel/UCZ7g7HfH1gWmhgxW47IcW7Q,Beyond the Frame
UCZB6V9fUov0Mx_us3MWWILg,http://www.youtube.com/channel/UCZB6V9fUov0Mx_us3MWWILg,People Make Games
UCZYTClx2T1of7BRZ86-8fow,http://www.youtube.com/channel/UCZYTClx2T1of7BRZ86-8fow,SciShow
UCZhfVIlf-c-NYH6A_ZSf8mg,http://www.youtube.com/channel/UCZhfVIlf-c-NYH6A_ZSf8mg,Jenna Stoeber
UCZkvqGJJn59qr6Z-RjbG8_Q,http://www.youtube.com/channel/UCZkvqGJJn59qr6Z-RjbG8_Q,Griffin McElroy
UCZq_rJJxTpQizF1dZLmNe8w,http://www.youtube.com/channel/UCZq_rJJxTpQizF1dZLmNe8w,BlackHoleCam
UCZvlShWyyr0YWxsLYb-X4yw,http://www.youtube.com/channel/UCZvlShWyyr0YWxsLYb-X4yw,HeroTech
UCZw4WkJhfoovdJ1eYwa7qyA,http://www.youtube.com/channel/UCZw4WkJhfoovdJ1eYwa7qyA,oboeshoesgames
UCZzXTv6tbD_VVwcaUuu8rFw,http://www.youtube.com/channel/UCZzXTv6tbD_VVwcaUuu8rFw,Little Kuriboh
UC_-hYjoNe4PJNFa9iZ4lraA,http://www.youtube.com/channel/UC_-hYjoNe4PJNFa9iZ4lraA,Good Work
UC_CoMTkmck2TFXArC1BYeLg,http://www.youtube.com/channel/UC_CoMTkmck2TFXArC1BYeLg,Amy & Jacky
UC_OttpBEWWzSUlZbk5qmhSA,http://www.youtube.com/channel/UC_OttpBEWWzSUlZbk5qmhSA,Mia Mulder
UC_SLthyNX_ivd-dmsFgmJVg,http://www.youtube.com/channel/UC_SLthyNX_ivd-dmsFgmJVg,Jeremy Fielding
UC_ZFT8XuMbVvZ9ck0_4Btag,http://www.youtube.com/channel/UC_ZFT8XuMbVvZ9ck0_4Btag,Justin Sevakis
UC__Epn2kIvTQa14XQwBUEgg,http://www.youtube.com/channel/UC__Epn2kIvTQa14XQwBUEgg,Elite3 Backup Channel
UC_slDWTPHflhuZqbGc8u4yA,http://www.youtube.com/channel/UC_slDWTPHflhuZqbGc8u4yA,RAINBOLT
UCa8W2_uf81Ew6gYuw0VPSeA,http://www.youtube.com/channel/UCa8W2_uf81Ew6gYuw0VPSeA,Juxtopposed
UCaDQ-IrcLEcK6SnlsHdWw6Q,http://www.youtube.com/channel/UCaDQ-IrcLEcK6SnlsHdWw6Q,Demi Adejuyigbe
UCaN8DZdc8EHo5y1LsQWMiig,http://www.youtube.com/channel/UCaN8DZdc8EHo5y1LsQWMiig,Big Joel
UCaSCt8s_4nfkRglWCvNSDrg,http://www.youtube.com/channel/UCaSCt8s_4nfkRglWCvNSDrg,CodeAesthetic
UCaTuinpDb_pIhuF0QOPXyRQ,http://www.youtube.com/channel/UCaTuinpDb_pIhuF0QOPXyRQ,Suede's Pokémon Journey
UCajw8zd6DPpXOuF6d22Fjkw,http://www.youtube.com/channel/UCajw8zd6DPpXOuF6d22Fjkw,T1J
UCak4HBCtXCXgPV-DGM9wZOQ,http://www.youtube.com/channel/UCak4HBCtXCXgPV-DGM9wZOQ,Isahowdy
UCakAg8hC_RFJm4RI3DlD7SA,http://www.youtube.com/channel/UCakAg8hC_RFJm4RI3DlD7SA,brian david gilbert
UCalZwqp5_aH65DGgFTz2VSw,http://www.youtube.com/channel/UCalZwqp5_aH65DGgFTz2VSw,Trauma Tonight with Harry Dreyfuss AMFT
UCb1kQ8rh4BdZ75dGzuzl39g,http://www.youtube.com/channel/UCb1kQ8rh4BdZ75dGzuzl39g,Olivia L.
UCbCq5Y0WPGimG2jNXhoQxGw,http://www.youtube.com/channel/UCbCq5Y0WPGimG2jNXhoQxGw,Atomic Frontier
UCbODt4cZgwEB_GhD1BwBtEA,http://www.youtube.com/channel/UCbODt4cZgwEB_GhD1BwBtEA,MooselyBased
UCbSVRvbYKLQ0zTodfkwz0sg,http://www.youtube.com/channel/UCbSVRvbYKLQ0zTodfkwz0sg,BluShades
UCbWcXB0PoqOsAvAdfzWMf0w,http://www.youtube.com/channel/UCbWcXB0PoqOsAvAdfzWMf0w,Fredrik Knudsen
UCb_MAhL8Thb3HJ_wPkH3gcw,http://www.youtube.com/channel/UCb_MAhL8Thb3HJ_wPkH3gcw,Phil Edwards
UCb_sF2m3-2azOqeNEdMwQPw,http://www.youtube.com/channel/UCb_sF2m3-2azOqeNEdMwQPw,Matthewmatosis
UCbmxZRQk-X0p-TOxd6PEYJA,http://www.youtube.com/channel/UCbmxZRQk-X0p-TOxd6PEYJA,IanHubert
UCc2eneiSu8IQ5aGrzcAta6A,http://www.youtube.com/channel/UCc2eneiSu8IQ5aGrzcAta6A,SPEED BOAT DOPE
UCc4jbVPThJ8CKiligww4w5Q,http://www.youtube.com/channel/UCc4jbVPThJ8CKiligww4w5Q,Doctor Puppet
UCcAvljdM2NMdMYq_pvT9pBw,http://www.youtube.com/channel/UCcAvljdM2NMdMYq_pvT9pBw,DouchebagChocolat
UCcCYOO2uYPnG-21WDOWdwew,http://www.youtube.com/channel/UCcCYOO2uYPnG-21WDOWdwew,HDTVTest
UCcOTVI8YJJud1A6aRYrV4sg,http://www.youtube.com/channel/UCcOTVI8YJJud1A6aRYrV4sg,Aidin Robbins
UCcOqtDKbmll_Tt_GbTfqVHw,http://www.youtube.com/channel/UCcOqtDKbmll_Tt_GbTfqVHw,Hilltop
UCcScIr2iskFm-zRo8FZ7cRw,http://www.youtube.com/channel/UCcScIr2iskFm-zRo8FZ7cRw,BREADSWORD
UCcU3qwLQ4E4t1AeCCkZg5dw,http://www.youtube.com/channel/UCcU3qwLQ4E4t1AeCCkZg5dw,Get In The Robot
UCcq87VVvahxpNJPvVCW4JAg,http://www.youtube.com/channel/UCcq87VVvahxpNJPvVCW4JAg,dftbarecords
UCctd5MdW-o2lRMwgogoUZHQ,http://www.youtube.com/channel/UCctd5MdW-o2lRMwgogoUZHQ,Zanzlanz
UCcvDaO3i92YW8Eh6SGl-TIQ,http://www.youtube.com/channel/UCcvDaO3i92YW8Eh6SGl-TIQ,Nickolas Nameolas
UCcvl5k9VcZzGVmY-rG8UAMw,http://www.youtube.com/channel/UCcvl5k9VcZzGVmY-rG8UAMw,Emily Graslie
UCd2ng5IYrQZi4IXEeMV0Ayg,http://www.youtube.com/channel/UCd2ng5IYrQZi4IXEeMV0Ayg,IcePickLodge
UCdG6SFYlGwsOeZU0TuZoCGA,http://www.youtube.com/channel/UCdG6SFYlGwsOeZU0TuZoCGA,truthorfailnosub
UCdHogG0Asb16IDBgSnGddwA,http://www.youtube.com/channel/UCdHogG0Asb16IDBgSnGddwA,Zachtronics
UCdQKvqmHKe_8fv4Rwe7ag9Q,http://www.youtube.com/channel/UCdQKvqmHKe_8fv4Rwe7ag9Q,Jack Saint
UCdZKffjiDM1kmTyd4uYEFHQ,http://www.youtube.com/channel/UCdZKffjiDM1kmTyd4uYEFHQ,the bread is rising
UCdZdDDp9SQ-Vvd5d9_YGGbA,http://www.youtube.com/channel/UCdZdDDp9SQ-Vvd5d9_YGGbA,TechnoPorg
UCdgUN8rX3SEb9L7FDub3I6A,http://www.youtube.com/channel/UCdgUN8rX3SEb9L7FDub3I6A,Design Theory
UCdkkQvJoB0kGgYHCYwSkdww,http://www.youtube.com/channel/UCdkkQvJoB0kGgYHCYwSkdww,Louie Zong
UCdnteqJUEFetgKgWItToLHg,http://www.youtube.com/channel/UCdnteqJUEFetgKgWItToLHg,adef
UCdpkTMgFiDkcAnNV7TmXntA,http://www.youtube.com/channel/UCdpkTMgFiDkcAnNV7TmXntA,Cheese Turbulence
UCdvuepIwGImKR6KROHxCl2Q,http://www.youtube.com/channel/UCdvuepIwGImKR6KROHxCl2Q,Jack
UCdwBd_IYZOMkUsVA8uQVigg,http://www.youtube.com/channel/UCdwBd_IYZOMkUsVA8uQVigg,Worlds In Motion
UCdwths-Q8lcuF7wJwVWsC9g,http://www.youtube.com/channel/UCdwths-Q8lcuF7wJwVWsC9g,Rabbit Hole
UCe7YOgx2vmblbEUUo-JgSnQ,http://www.youtube.com/channel/UCe7YOgx2vmblbEUUo-JgSnQ,Taki II
UCe9bEkXbBUn_jTMWFOxKXVw,http://www.youtube.com/channel/UCe9bEkXbBUn_jTMWFOxKXVw,Greig Johnson Making
UCeRjAjiBz_9CjbjI8c3tX0g,http://www.youtube.com/channel/UCeRjAjiBz_9CjbjI8c3tX0g,Nikki
UCeTfBygNb1TahcNpZyELO8g,http://www.youtube.com/channel/UCeTfBygNb1TahcNpZyELO8g,Jacob Geller
UCeW2TPb_b__pTriVVRS1GSQ,http://www.youtube.com/channel/UCeW2TPb_b__pTriVVRS1GSQ,EnlargedKai
UCeY9LCpPs50BdCNLhKaV_xw,http://www.youtube.com/channel/UCeY9LCpPs50BdCNLhKaV_xw,docfuture1
UCe_MQaw_UbecDe4PChWXYIQ,http://www.youtube.com/channel/UCe_MQaw_UbecDe4PChWXYIQ,charlieissoboredlike
UCeiYXex_fwgYDonaTcSIk6w,http://www.youtube.com/channel/UCeiYXex_fwgYDonaTcSIk6w,MinuteEarth
UCekYgu4qTiqVtLcxgBbhjnw,http://www.youtube.com/channel/UCekYgu4qTiqVtLcxgBbhjnw,Vought International
UCerEIdrEW-IqwvlH8lTQUJQ,http://www.youtube.com/channel/UCerEIdrEW-IqwvlH8lTQUJQ,Tech Tangents
UCerL4WZxy37tdPyDt2x3zMA,http://www.youtube.com/channel/UCerL4WZxy37tdPyDt2x3zMA,Trace Dominguez
UCf91klD5wumE_-VdNWU2yJA,http://www.youtube.com/channel/UCf91klD5wumE_-VdNWU2yJA,James-Money
UCfzLXKMZqf8-nR920SbQJLA,http://www.youtube.com/channel/UCfzLXKMZqf8-nR920SbQJLA,yeti dynamics
UCfzlCWGWYyIQ0aLC5w48gBQ,http://www.youtube.com/channel/UCfzlCWGWYyIQ0aLC5w48gBQ,sentdex
UCg3qsVzHeUt5_cPpcRtoaJQ,http://www.youtube.com/channel/UCg3qsVzHeUt5_cPpcRtoaJQ,圧倒的不審者の極み!
UCg9D1ie8p34sPf1QOU5QfCQ,http://www.youtube.com/channel/UCg9D1ie8p34sPf1QOU5QfCQ,ナナシ
UCgBVkKoOAr3ajSdFFLp13_A,http://www.youtube.com/channel/UCgBVkKoOAr3ajSdFFLp13_A,KRAZAM
UCgC4Nn0rqqdeqACnzaIMo_Q,http://www.youtube.com/channel/UCgC4Nn0rqqdeqACnzaIMo_Q,The Slow Mo Guys 2
UCgHn5LN2NiQXWMLL4BO70OQ,http://www.youtube.com/channel/UCgHn5LN2NiQXWMLL4BO70OQ,Travis Gilbert
UCgajhM4W-_0YnUk680B10Sg,http://www.youtube.com/channel/UCgajhM4W-_0YnUk680B10Sg,Baahubali Movie
UCggHoXaj8BQHIiPmOxezeWA,http://www.youtube.com/channel/UCggHoXaj8BQHIiPmOxezeWA,History Buffs
UCgi2u-lGY-2i2ubLsUr6FbQ,http://www.youtube.com/channel/UCgi2u-lGY-2i2ubLsUr6FbQ,F.D Signifier
UCgmDs3shU7q1wrxBx9eE74g,http://www.youtube.com/channel/UCgmDs3shU7q1wrxBx9eE74g,Maritime Horrors
UCh9DnjvObUcvvwrYbJ4-cLQ,http://www.youtube.com/channel/UCh9DnjvObUcvvwrYbJ4-cLQ,StrucciMovies
UChIUP-_S3PzypasXVsY1kJQ,http://www.youtube.com/channel/UChIUP-_S3PzypasXVsY1kJQ,John Green
UChIs72whgZI9w6d6FhwGGHA,http://www.youtube.com/channel/UChIs72whgZI9w6d6FhwGGHA,Gamers Nexus
UChK_Pcyve19oBKwy4wgMjFg,http://www.youtube.com/channel/UChK_Pcyve19oBKwy4wgMjFg,greysfavs
UChmiXKcdz-YDi7Ti73cR5VA,http://www.youtube.com/channel/UChmiXKcdz-YDi7Ti73cR5VA,Quorators
UCicVsS0zrUPrA3RaOJO5oBg,http://www.youtube.com/channel/UCicVsS0zrUPrA3RaOJO5oBg,The Video Game History Foundation
UCim0JOU5CqZG3jKhU2c_yeg,http://www.youtube.com/channel/UCim0JOU5CqZG3jKhU2c_yeg,Tom Lum
UCimiUgDLbi6P17BdaCZpVbg,http://www.youtube.com/channel/UCimiUgDLbi6P17BdaCZpVbg,exurb1a
UCj1VqrHhDte54oLgPG4xpuQ,http://www.youtube.com/channel/UCj1VqrHhDte54oLgPG4xpuQ,Stuff Made Here
UCj21kC5zWeflqmZSMTkA57Q,http://www.youtube.com/channel/UCj21kC5zWeflqmZSMTkA57Q,Fallout 4: New Vegas
UCj74rJ9Lgl3WTngq675wxKg,http://www.youtube.com/channel/UCj74rJ9Lgl3WTngq675wxKg,Noodle
UCjFaPUcJU1vwk193mnW_w1w,http://www.youtube.com/channel/UCjFaPUcJU1vwk193mnW_w1w,Modern Vintage Gamer
UCjFqcJQXGZ6T6sxyFB-5i6A,http://www.youtube.com/channel/UCjFqcJQXGZ6T6sxyFB-5i6A,Every Frame a Painting
UCjKSoJlPgcK6BmoSqXpj5xQ,http://www.youtube.com/channel/UCjKSoJlPgcK6BmoSqXpj5xQ,Action Button
UCjSJq8eE73nCc9mtSMkNh6g,http://www.youtube.com/channel/UCjSJq8eE73nCc9mtSMkNh6g,Let's Talk About Stuff
UCjU-Cwjfqbo2hMRItlXwnnQ,http://www.youtube.com/channel/UCjU-Cwjfqbo2hMRItlXwnnQ,This is Dan Bell.
UCjp8vhFc8-00d2EAjR_l2xg,http://www.youtube.com/channel/UCjp8vhFc8-00d2EAjR_l2xg,zefrankenfriends
UCk224j8zNGZzejUSMskGwXg,http://www.youtube.com/channel/UCk224j8zNGZzejUSMskGwXg,Damien Henry
UCkCGO21T72E2hcJyBNzM1gA,http://www.youtube.com/channel/UCkCGO21T72E2hcJyBNzM1gA,Lance McDonald
UCkIS8hii93hF2q0TQFD-sEQ,http://www.youtube.com/channel/UCkIS8hii93hF2q0TQFD-sEQ,Zohran Mamdani for NYC
UCkJ0UqlA1Bx6H4cgONmBUXg,http://www.youtube.com/channel/UCkJ0UqlA1Bx6H4cgONmBUXg,Action Button Channel Two
UCkcklGgf93ZgT6yAmnzT5mw,http://www.youtube.com/channel/UCkcklGgf93ZgT6yAmnzT5mw,WangleLine
UCkxMlA7rt-mnIc1AjbyAsPw,http://www.youtube.com/channel/UCkxMlA7rt-mnIc1AjbyAsPw,sexplanations
UCkyHL2ZPgw9D4GOcPQq6Uzw,http://www.youtube.com/channel/UCkyHL2ZPgw9D4GOcPQq6Uzw,ProjectsInFlight
UCkyfHZ6bY2TjqbJhiH8Y2QQ,http://www.youtube.com/channel/UCkyfHZ6bY2TjqbJhiH8Y2QQ,thebrainscoop
UCl4hLK-YKeHuCAvS8ZPVv5Q,http://www.youtube.com/channel/UCl4hLK-YKeHuCAvS8ZPVv5Q,the Mountain Goats
UClQwIn2nc9bcmgKW0WQbBwQ,http://www.youtube.com/channel/UClQwIn2nc9bcmgKW0WQbBwQ,ProZD Eats Food
UClRwC5Vc8HrB6vGx6Ti-lhA,http://www.youtube.com/channel/UClRwC5Vc8HrB6vGx6Ti-lhA,Technology Connextras
UCl_dlV_7ofr4qeP1drJQ-qg,http://www.youtube.com/channel/UCl_dlV_7ofr4qeP1drJQ-qg,Tantacrul
UClbBxFs86hk6IMd16YlfXPg,http://www.youtube.com/channel/UClbBxFs86hk6IMd16YlfXPg,B- Mask
UCljE1ODdSF7LS9xx9eWq0GQ,http://www.youtube.com/channel/UCljE1ODdSF7LS9xx9eWq0GQ,potholer54
UClnCLTkRd1vhQYU1t1HyivQ,http://www.youtube.com/channel/UClnCLTkRd1vhQYU1t1HyivQ,Princess Weekes
UClq42foiSgl7sSpLupnugGA,http://www.youtube.com/channel/UClq42foiSgl7sSpLupnugGA,D!NG
UClt01z1wHHT7c5lKcU8pxRQ,http://www.youtube.com/channel/UClt01z1wHHT7c5lKcU8pxRQ,hbomberguy
UClvMduw1MDMQ0PuH753-XSA,http://www.youtube.com/channel/UClvMduw1MDMQ0PuH753-XSA,cheese speedrunning
UCm4JnxTxtvItQecKUc4zRhQ,http://www.youtube.com/channel/UCm4JnxTxtvItQecKUc4zRhQ,Errant Signal
UCm7WyIWYAVn5Py-GmpwQ2RA,http://www.youtube.com/channel/UCm7WyIWYAVn5Py-GmpwQ2RA,Olivia Griffin
UCm8EsftbfNzSiRHzc7I59KQ,http://www.youtube.com/channel/UCm8EsftbfNzSiRHzc7I59KQ,Kevin Fang
UCm9K6rby98W8JigLoZOh6FQ,http://www.youtube.com/channel/UCm9K6rby98W8JigLoZOh6FQ,LockPickingLawyer
UCmEmX_jw_pRp5UbAdzkZq-g,http://www.youtube.com/channel/UCmEmX_jw_pRp5UbAdzkZq-g,Posy
UCmQThz1OLYt8mb2PU540LOA,http://www.youtube.com/channel/UCmQThz1OLYt8mb2PU540LOA,The Art Assignment
UCmQXOAse-VnzuXHebX5I77g,http://www.youtube.com/channel/UCmQXOAse-VnzuXHebX5I77g,Charlotte McDonnell
UCmlO0uKVlFc-S4XAbIaP4Mg,http://www.youtube.com/channel/UCmlO0uKVlFc-S4XAbIaP4Mg,Agent Mystery Meat
UCmtC7HJIoMQxkvV4gh5dP0Q,http://www.youtube.com/channel/UCmtC7HJIoMQxkvV4gh5dP0Q,Philomatics
UCmtyQOKKmrMVaKuRXz02jbQ,http://www.youtube.com/channel/UCmtyQOKKmrMVaKuRXz02jbQ,Sebastian Lague
UCn8OYopT9e8tng-CGEWzfmw,http://www.youtube.com/channel/UCn8OYopT9e8tng-CGEWzfmw,Atrocity Guide
UCnEd9PbzAKmRnDYyi0CDEmw,http://www.youtube.com/channel/UCnEd9PbzAKmRnDYyi0CDEmw,Sean Seanson
UCnXhtV6bM7TeUgMh4mvncDg,http://www.youtube.com/channel/UCnXhtV6bM7TeUgMh4mvncDg,SmallButera
UCnbvPS_rXp4PC21PG2k1UVg,http://www.youtube.com/channel/UCnbvPS_rXp4PC21PG2k1UVg,Gaming Historian
UCndQsfS-fANYdW_JOMUK65g,http://www.youtube.com/channel/UCndQsfS-fANYdW_JOMUK65g,Living Science
UCniqJdv-ZQHj1w1Xg6eLWYA,http://www.youtube.com/channel/UCniqJdv-ZQHj1w1Xg6eLWYA,From Scratch
UCnkp4xDOwqqJD7sSM3xdUiQ,http://www.youtube.com/channel/UCnkp4xDOwqqJD7sSM3xdUiQ,Adam Neely
UCnmUuDYfj_xaWrTHzUfkGiA,http://www.youtube.com/channel/UCnmUuDYfj_xaWrTHzUfkGiA,KaiserNeko
UCo-3ThNQmPmQSQL_L6Lx1_w,http://www.youtube.com/channel/UCo-3ThNQmPmQSQL_L6Lx1_w,DeepSkyVideos
UCo0eSsaLyD_oHQnRHGo97LA,http://www.youtube.com/channel/UCo0eSsaLyD_oHQnRHGo97LA,Skull
UCo71RUe6DX4w-Vd47rFLXPg,http://www.youtube.com/channel/UCo71RUe6DX4w-Vd47rFLXPg,typecraft
UCo8186mZYAY49flt6HkbqlQ,http://www.youtube.com/channel/UCo8186mZYAY49flt6HkbqlQ,Leon Massey
UCoNRSwYHJdy-yV1b82ZdHfQ,http://www.youtube.com/channel/UCoNRSwYHJdy-yV1b82ZdHfQ,SethEverman
UCoYzqD_hNqUa8KJJlZPRPSQ,http://www.youtube.com/channel/UCoYzqD_hNqUa8KJJlZPRPSQ,Velodus
UCoZQiN0o7f36H7PaW4fVhFw,http://www.youtube.com/channel/UCoZQiN0o7f36H7PaW4fVhFw,Retro Game Corps
UCofQ5pFBxRU-B3LR5FjwZDw,http://www.youtube.com/channel/UCofQ5pFBxRU-B3LR5FjwZDw,William
UConVfxXodg78Tzh5nNu85Ew,http://www.youtube.com/channel/UConVfxXodg78Tzh5nNu85Ew,Welch Labs
UCowuKMdyqXpu4jNeFLlpa3A,http://www.youtube.com/channel/UCowuKMdyqXpu4jNeFLlpa3A,Shogo Sakai (NekoChill / 酒井省吾 )
UCoxX_0dWOl30YiO4mGp9ZGQ,http://www.youtube.com/channel/UCoxX_0dWOl30YiO4mGp9ZGQ,vidthoughts
UCoxcjq-8xIDTYp3uz647V5A,http://www.youtube.com/channel/UCoxcjq-8xIDTYp3uz647V5A,Numberphile
UCp1xCZ4ODNM2OJuKoBrghDA,http://www.youtube.com/channel/UCp1xCZ4ODNM2OJuKoBrghDA,Auralnauts
UCp68_FLety0O-n9QU6phsgw,http://www.youtube.com/channel/UCp68_FLety0O-n9QU6phsgw,colinfurze
UCpZjU-GdtNJO42H8xPDyxRQ,http://www.youtube.com/channel/UCpZjU-GdtNJO42H8xPDyxRQ,Ed Andersen
UCpcSq3A3Z4tUJsHKfn8zpnA,http://www.youtube.com/channel/UCpcSq3A3Z4tUJsHKfn8zpnA,Remap
UCpo_DqbwM6THTXGGY4AsXOQ,http://www.youtube.com/channel/UCpo_DqbwM6THTXGGY4AsXOQ,Complexly
UCpwIxbmFFNeU4EtlLHmFShA,http://www.youtube.com/channel/UCpwIxbmFFNeU4EtlLHmFShA,Premature Abstraction
UCq6aw03lNILzV96UvEAASfQ,http://www.youtube.com/channel/UCq6aw03lNILzV96UvEAASfQ,bill wurtz
UCq8DICunczvLuJJq414110A,http://www.youtube.com/channel/UCq8DICunczvLuJJq414110A,Zach King
UCq8ZAAsI89IoJ-fn1gYpO3g,http://www.youtube.com/channel/UCq8ZAAsI89IoJ-fn1gYpO3g,Nightshift – Kurzgesagt After Dark
UCq9bKTz5hPqkPwGGTRZjN0A,http://www.youtube.com/channel/UCq9bKTz5hPqkPwGGTRZjN0A,Strangest Quiet
UCqDbZac1bo_WEPau9c5R5WQ,http://www.youtube.com/channel/UCqDbZac1bo_WEPau9c5R5WQ,Cathode Ray Dude Gaiden
UCqJ-Xo29CKyLTjn6z2XwYAw,http://www.youtube.com/channel/UCqJ-Xo29CKyLTjn6z2XwYAw,Game Maker's Toolkit
UCqQazlAQRGiTA2HM2Ii9iCg,http://www.youtube.com/channel/UCqQazlAQRGiTA2HM2Ii9iCg,Defunctland After Dark
UCqVEHtQoXHmUCfJ-9smpTSg,http://www.youtube.com/channel/UCqVEHtQoXHmUCfJ-9smpTSg,Answer in Progress
UCqbwf1q9hkT8E4zPsWYMjwA,http://www.youtube.com/channel/UCqbwf1q9hkT8E4zPsWYMjwA,BDGs VODs
UCqhVP3hxi6o8vDoFkUzMKew,http://www.youtube.com/channel/UCqhVP3hxi6o8vDoFkUzMKew,Eldena Doubleca5t
UCqnos76uuqYRZ-zI2MRNGnA,http://www.youtube.com/channel/UCqnos76uuqYRZ-zI2MRNGnA,Dan Golding - Video Essays
UCqqAJOzcNb5hm98KEqi4XRQ,http://www.youtube.com/channel/UCqqAJOzcNb5hm98KEqi4XRQ,AZFanFam
UCqqJQ_cXSat0KIAVfIfKkVA,http://www.youtube.com/channel/UCqqJQ_cXSat0KIAVfIfKkVA,J. Kenji López-Alt
UCr3_qogGjXtYukgRlsJry-g,http://www.youtube.com/channel/UCr3_qogGjXtYukgRlsJry-g,ShadyVox
UCrMePiHCWG4Vwqv3t7W9EFg,http://www.youtube.com/channel/UCrMePiHCWG4Vwqv3t7W9EFg,SciShow Space
UCrQieQckb9Fw9-SD7BdkpjQ,http://www.youtube.com/channel/UCrQieQckb9Fw9-SD7BdkpjQ,HAWPOfficial
UCrTNhL_yO3tPTdQ5XgmmWjA,http://www.youtube.com/channel/UCrTNhL_yO3tPTdQ5XgmmWjA,RedLetterMedia
UCrkPsvLGln62OMZRO6K-llg,http://www.youtube.com/channel/UCrkPsvLGln62OMZRO6K-llg,Nick Chapsas
UCrktIETDBZ36NZImOCTFFEg,http://www.youtube.com/channel/UCrktIETDBZ36NZImOCTFFEg,VampierMSX
UCrpgBiPsx_9oEAw6znbeL-A,http://www.youtube.com/channel/UCrpgBiPsx_9oEAw6znbeL-A,LowercaseJai
UCrv269YwJzuZL3dH5PCgxUw,http://www.youtube.com/channel/UCrv269YwJzuZL3dH5PCgxUw,CodeParade
UCrvuY59InDI3iKvopKT8PEw,http://www.youtube.com/channel/UCrvuY59InDI3iKvopKT8PEw,Welcome to Night Vale
UCs4aHmggTfFrpkPcWSaBN9g,http://www.youtube.com/channel/UCs4aHmggTfFrpkPcWSaBN9g,PBS Infinite Series
UCs4fQRyl1TJvoeOdekW6lYA,http://www.youtube.com/channel/UCs4fQRyl1TJvoeOdekW6lYA,fasterthanlime
UCsBjURrPoezykLs9EqgamOA,http://www.youtube.com/channel/UCsBjURrPoezykLs9EqgamOA,Fireship
UCsCacApDfxESyNJwEIXNajQ,http://www.youtube.com/channel/UCsCacApDfxESyNJwEIXNajQ,mklachu
UCsXVk37bltHxD1rDPwtNM8Q,http://www.youtube.com/channel/UCsXVk37bltHxD1rDPwtNM8Q,Kurzgesagt – In a Nutshell
UCsaEBhRsI6tmmz12fkSEYdw,http://www.youtube.com/channel/UCsaEBhRsI6tmmz12fkSEYdw,Hot Mess
UCsga02EzgmjtKmGA6wrldZQ,http://www.youtube.com/channel/UCsga02EzgmjtKmGA6wrldZQ,Austin School of Game Design
UCshObcm-nLhbu8MY50EZ5Ng,http://www.youtube.com/channel/UCshObcm-nLhbu8MY50EZ5Ng,Benn Jordan
UCsvazPPlhZlch0-Z3wPByeg,http://www.youtube.com/channel/UCsvazPPlhZlch0-Z3wPByeg,TeamFourStar
UCt6wYCFW06WLKPUk4hh1pYQ,http://www.youtube.com/channel/UCt6wYCFW06WLKPUk4hh1pYQ,Lau Noah
UCt9zpXoM1RqiC9u4YYuVP5Q,http://www.youtube.com/channel/UCt9zpXoM1RqiC9u4YYuVP5Q,Afterthoughts
UCtESv1e7ntJaLJYKIO1FoYw,http://www.youtube.com/channel/UCtESv1e7ntJaLJYKIO1FoYw,Periodic Videos
UCtGoikgbxP4F3rgI9PldI9g,http://www.youtube.com/channel/UCtGoikgbxP4F3rgI9PldI9g,Super Eyepatch Wolf
UCtUbO6rBht0daVIOGML3c8w,http://www.youtube.com/channel/UCtUbO6rBht0daVIOGML3c8w,Summoning Salt
UCt_t6FwNsqr3WWoL6dFqG9w,http://www.youtube.com/channel/UCt_t6FwNsqr3WWoL6dFqG9w,BrainCraft
UCtqxG9IrHFU_ID1khGvx9sA,http://www.youtube.com/channel/UCtqxG9IrHFU_ID1khGvx9sA,All Gas No Brakes
UCtscFf8VayggrDYjOwDke_Q,http://www.youtube.com/channel/UCtscFf8VayggrDYjOwDke_Q,Angela Collier 
UCtwKon9qMt5YLVgQt1tvJKg,http://www.youtube.com/channel/UCtwKon9qMt5YLVgQt1tvJKg,Objectivity
UCuAWs9GxuTDLNyo2-cbrwDA,http://www.youtube.com/channel/UCuAWs9GxuTDLNyo2-cbrwDA,RAINBOLT TWO
UCuCkxoKLYO_EQ2GeFtbM_bw,http://www.youtube.com/channel/UCuCkxoKLYO_EQ2GeFtbM_bw,Half as Interesting
UCuClp9vCvqyPeHBR1h71isQ,http://www.youtube.com/channel/UCuClp9vCvqyPeHBR1h71isQ,HatchiMatchi
UCuHB_2AOt8vjuvZZp6tSoxg,http://www.youtube.com/channel/UCuHB_2AOt8vjuvZZp6tSoxg,Recursion
UCuNiKQcJLXppWgheljJv7KQ,http://www.youtube.com/channel/UCuNiKQcJLXppWgheljJv7KQ,HyperBitHero
UCuPgdqQKpq4T4zeqmTelnFg,http://www.youtube.com/channel/UCuPgdqQKpq4T4zeqmTelnFg,kaptainkristian
UCuVxaQDraOja6xKidcmoufA,http://www.youtube.com/channel/UCuVxaQDraOja6xKidcmoufA,Polygon
UCuXs2ElCUGdrjDWvW8Lf39g,http://www.youtube.com/channel/UCuXs2ElCUGdrjDWvW8Lf39g,Justin McElroy
UCumX61u3NGG7HcBTnnWmzRg,http://www.youtube.com/channel/UCumX61u3NGG7HcBTnnWmzRg,BravestWarriors
UCurvu3r_s-yq-6f9WRs4TKA,http://www.youtube.com/channel/UCurvu3r_s-yq-6f9WRs4TKA,TheRealBradNeely
UCutGiN7c5-CEFwm_ccixR3g,http://www.youtube.com/channel/UCutGiN7c5-CEFwm_ccixR3g,HeavyEyed
UCuvSqzfO_LV_QzHdmEj84SQ,http://www.youtube.com/channel/UCuvSqzfO_LV_QzHdmEj84SQ,Kaze Emanuar
UCv4-yypZ7srAlzk_MQCRaLQ,http://www.youtube.com/channel/UCv4-yypZ7srAlzk_MQCRaLQ,Ours Poetica
UCvBqzzvUBLCs8Y7Axb-jZew,http://www.youtube.com/channel/UCvBqzzvUBLCs8Y7Axb-jZew,Sixty Symbols
UCvGMGQC8gNkd4gwxSbABIlw,http://www.youtube.com/channel/UCvGMGQC8gNkd4gwxSbABIlw,Quirkology
UCvZ8B2veUGTr3o2m8juPHaA,http://www.youtube.com/channel/UCvZ8B2veUGTr3o2m8juPHaA,Justin Bennett
UCvaUR_-uJQcu1-c4UfUtEmQ,http://www.youtube.com/channel/UCvaUR_-uJQcu1-c4UfUtEmQ,Games As Literature
UCvtT19MZW8dq5Wwfu6B0oxw,http://www.youtube.com/channel/UCvtT19MZW8dq5Wwfu6B0oxw,dotnet
UCwELB-kgDidIbWTvmC3m-kw,http://www.youtube.com/channel/UCwELB-kgDidIbWTvmC3m-kw,FixItMan78
UCwGEZhoIwu7GN44Xkr_fXwA,http://www.youtube.com/channel/UCwGEZhoIwu7GN44Xkr_fXwA,styro pyro 2
UCwNBP0bjYJFiwShZnFS4WrQ,http://www.youtube.com/channel/UCwNBP0bjYJFiwShZnFS4WrQ,The Overview Effekt
UCwPdVunI5mD-dpuLogOawbw,http://www.youtube.com/channel/UCwPdVunI5mD-dpuLogOawbw,adumb
UCwPnX0XSfxswF0rL78NzNIw,http://www.youtube.com/channel/UCwPnX0XSfxswF0rL78NzNIw,veselekov
UCwTZ-JLF5FQ3EmQ2nPaS-lg,http://www.youtube.com/channel/UCwTZ-JLF5FQ3EmQ2nPaS-lg,Thought Café
UCwUDc1BsdtflKJX8jDjJNyw,http://www.youtube.com/channel/UCwUDc1BsdtflKJX8jDjJNyw,AverageTreyVG
UCwez9XDNV_wS0WNDZteXjgw,http://www.youtube.com/channel/UCwez9XDNV_wS0WNDZteXjgw,Hello Internet
UCwg6_F2hDHYrqbNSGjmar4w,http://www.youtube.com/channel/UCwg6_F2hDHYrqbNSGjmar4w,Animalogic
UCwhB8cJTSLxyubnKSS-PLJg,http://www.youtube.com/channel/UCwhB8cJTSLxyubnKSS-PLJg,MegaLag
UCx-PpwbajI5ToAY0WwJO2Kg,http://www.youtube.com/channel/UCx-PpwbajI5ToAY0WwJO2Kg,PortalRunner
UCx2StD8gHd_-nRo5z1qcJ8g,http://www.youtube.com/channel/UCx2StD8gHd_-nRo5z1qcJ8g,Subnautica
UCxFWzKZa74SyAqpJyVlG5Ew,http://www.youtube.com/channel/UCxFWzKZa74SyAqpJyVlG5Ew,Kat Blaque
UCxO_ya-RmAXCXJCU54AxYFw,http://www.youtube.com/channel/UCxO_ya-RmAXCXJCU54AxYFw,New Frame Plus
UCxZpM39a6aPP62h95rdEo7A,http://www.youtube.com/channel/UCxZpM39a6aPP62h95rdEo7A,Mike Likes Science
UCxddeIv7GdHNcVPZI9JvGXQ,http://www.youtube.com/channel/UCxddeIv7GdHNcVPZI9JvGXQ,eurothug4000
UCxlNxDhs_XNUYv7aXSb-cDg,http://www.youtube.com/channel/UCxlNxDhs_XNUYv7aXSb-cDg,Nader Makki
UCxu3mVAacTdrLPfwTsAEUzg,http://www.youtube.com/channel/UCxu3mVAacTdrLPfwTsAEUzg,The Good Stuff
UCxuET3jfy0v8EJa7TKNiI2g,http://www.youtube.com/channel/UCxuET3jfy0v8EJa7TKNiI2g,fyfluiddynamics
UCxzC4EngIsMrPmbm6Nxvb-A,http://www.youtube.com/channel/UCxzC4EngIsMrPmbm6Nxvb-A,Scott Manley
UCy0tKL1T7wFoYcxCe0xjN6Q,http://www.youtube.com/channel/UCy0tKL1T7wFoYcxCe0xjN6Q,Technology Connections
UCyI8tCKHgsaOPkwCjLt3kuQ,http://www.youtube.com/channel/UCyI8tCKHgsaOPkwCjLt3kuQ,Srcerer
UCyMZMWvFXg7ZJFSED_ImnwA,http://www.youtube.com/channel/UCyMZMWvFXg7ZJFSED_ImnwA,Pettyartist
UCyNtlmLB73-7gtlBz00XOQQ,http://www.youtube.com/channel/UCyNtlmLB73-7gtlBz00XOQQ,Folding Ideas
UCyWDmyZRjrGHeKF-ofFsT5Q,http://www.youtube.com/channel/UCyWDmyZRjrGHeKF-ofFsT5Q,Internet Comment Etiquette with Erik
UCyhnYIvIKK_--PiJXCMKxQQ,http://www.youtube.com/channel/UCyhnYIvIKK_--PiJXCMKxQQ,Joseph Anderson
UCyhvJR_nYEeSuv_9XlWLRYw,http://www.youtube.com/channel/UCyhvJR_nYEeSuv_9XlWLRYw,DEMOLITIONDv2
UCyp1gCHZJU_fGWFf2rtMkCg,http://www.youtube.com/channel/UCyp1gCHZJU_fGWFf2rtMkCg,Numberphile2
UCyxcGxSCgN4L02rdXqaATug,http://www.youtube.com/channel/UCyxcGxSCgN4L02rdXqaATug,GamesWithHank
UCz4ZjuO7HrynjRrRlur1yWg,http://www.youtube.com/channel/UCz4ZjuO7HrynjRrRlur1yWg,The Canipa Effect
UCzR-rom72PHN9Zg7RML9EbA,http://www.youtube.com/channel/UCzR-rom72PHN9Zg7RML9EbA,PBS Eons
UCzSBv-iml0SCoAE-6v2ReWQ,http://www.youtube.com/channel/UCzSBv-iml0SCoAE-6v2ReWQ,CGP Play
UCzdbnf-pIJh-Qp6fdSb5ezw,http://www.youtube.com/channel/UCzdbnf-pIJh-Qp6fdSb5ezw,collectivecadenza
UCzhbXXKqKUNEI2TOFI1MI5g,http://www.youtube.com/channel/UCzhbXXKqKUNEI2TOFI1MI5g,The Thief and the Cobbler Archive Official
UCznHh6gk3ewFhaTZtdQFWWw,http://www.youtube.com/channel/UCznHh6gk3ewFhaTZtdQFWWw,Greg and Mitch
UCznlC7eh1IbzpI024aC93fg,http://www.youtube.com/channel/UCznlC7eh1IbzpI024aC93fg,ReviewCandy
UCzsizX25bx5_iUSM0ztdBFg,http://www.youtube.com/channel/UCzsizX25bx5_iUSM0ztdBFg,1Kids (Mike)
UCzyh48nlUsGIzK6mOrtyoRQ,http://www.youtube.com/channel/UCzyh48nlUsGIzK6mOrtyoRQ,Misinformed





